state,election,code_parlimen,code_dun
Johor,SE-01,P.089,N.01
Johor,SE-01,P.089,N.02
Johor,SE-01,P.090,N.03
Johor,SE-01,P.090,N.04
Johor,SE-01,P.091,N.05
Johor,SE-01,P.091,N.06
Johor,SE-01,P.092,N.07
Johor,SE-01,P.092,N.08
Johor,SE-01,P.093,N.09
Johor,SE-01,P.093,N.10
Johor,SE-01,P.094,N.11
Johor,SE-01,P.094,N.12
Johor,SE-01,P.095,N.13
Johor,SE-01,P.095,N.14
Johor,SE-01,P.096,N.15
Johor,SE-01,P.096,N.16
Johor,SE-01,P.097,N.17
Johor,SE-01,P.097,N.18
Johor,SE-01,P.098,N.19
Johor,SE-01,P.098,N.20
Johor,SE-01,P.099,N.21
Johor,SE-01,P.099,N.22
Johor,SE-01,P.100,N.23
Johor,SE-01,P.100,N.24
Johor,SE-01,P.101,N.25
Johor,SE-01,P.101,N.26
Johor,SE-01,P.102,N.27
Johor,SE-01,P.102,N.28
Johor,SE-01,P.103,N.29
Johor,SE-01,P.103,N.30
Johor,SE-01,P.104,N.31
Johor,SE-01,P.104,N.32
Johor,SE-02,P.089,N.01
Johor,SE-02,P.089,N.02
Johor,SE-02,P.090,N.03
Johor,SE-02,P.090,N.04
Johor,SE-02,P.091,N.05
Johor,SE-02,P.091,N.06
Johor,SE-02,P.092,N.07
Johor,SE-02,P.092,N.08
Johor,SE-02,P.093,N.09
Johor,SE-02,P.093,N.10
Johor,SE-02,P.094,N.11
Johor,SE-02,P.094,N.12
Johor,SE-02,P.095,N.13
Johor,SE-02,P.095,N.14
Johor,SE-02,P.096,N.15
Johor,SE-02,P.096,N.16
Johor,SE-02,P.097,N.17
Johor,SE-02,P.097,N.18
Johor,SE-02,P.098,N.19
Johor,SE-02,P.098,N.20
Johor,SE-02,P.099,N.21
Johor,SE-02,P.099,N.22
Johor,SE-02,P.100,N.23
Johor,SE-02,P.100,N.24
Johor,SE-02,P.101,N.25
Johor,SE-02,P.101,N.26
Johor,SE-02,P.102,N.27
Johor,SE-02,P.102,N.28
Johor,SE-02,P.103,N.29
Johor,SE-02,P.103,N.30
Johor,SE-02,P.104,N.31
Johor,SE-02,P.104,N.32
Johor,SE-03,P.089,N.01
Johor,SE-03,P.089,N.02
Johor,SE-03,P.090,N.03
Johor,SE-03,P.090,N.04
Johor,SE-03,P.091,N.05
Johor,SE-03,P.091,N.06
Johor,SE-03,P.092,N.07
Johor,SE-03,P.092,N.08
Johor,SE-03,P.093,N.09
Johor,SE-03,P.093,N.10
Johor,SE-03,P.094,N.11
Johor,SE-03,P.094,N.12
Johor,SE-03,P.095,N.13
Johor,SE-03,P.095,N.14
Johor,SE-03,P.096,N.15
Johor,SE-03,P.096,N.16
Johor,SE-03,P.097,N.17
Johor,SE-03,P.097,N.18
Johor,SE-03,P.098,N.19
Johor,SE-03,P.098,N.20
Johor,SE-03,P.099,N.21
Johor,SE-03,P.099,N.22
Johor,SE-03,P.100,N.23
Johor,SE-03,P.100,N.24
Johor,SE-03,P.101,N.25
Johor,SE-03,P.101,N.26
Johor,SE-03,P.102,N.27
Johor,SE-03,P.102,N.28
Johor,SE-03,P.103,N.29
Johor,SE-03,P.103,N.30
Johor,SE-03,P.104,N.31
Johor,SE-03,P.104,N.32
Johor,SE-04,P.099,N.01
Johor,SE-04,P.099,N.02
Johor,SE-04,P.100,N.03
Johor,SE-04,P.100,N.04
Johor,SE-04,P.101,N.05
Johor,SE-04,P.101,N.06
Johor,SE-04,P.102,N.07
Johor,SE-04,P.102,N.08
Johor,SE-04,P.103,N.09
Johor,SE-04,P.103,N.10
Johor,SE-04,P.104,N.11
Johor,SE-04,P.104,N.12
Johor,SE-04,P.105,N.13
Johor,SE-04,P.105,N.14
Johor,SE-04,P.106,N.15
Johor,SE-04,P.106,N.16
Johor,SE-04,P.107,N.17
Johor,SE-04,P.107,N.18
Johor,SE-04,P.108,N.19
Johor,SE-04,P.108,N.20
Johor,SE-04,P.109,N.21
Johor,SE-04,P.109,N.22
Johor,SE-04,P.110,N.23
Johor,SE-04,P.110,N.24
Johor,SE-04,P.111,N.25
Johor,SE-04,P.111,N.26
Johor,SE-04,P.112,N.27
Johor,SE-04,P.112,N.28
Johor,SE-04,P.113,N.29
Johor,SE-04,P.113,N.30
Johor,SE-04,P.114,N.31
Johor,SE-04,P.114,N.32
Johor,SE-05,P.099,N.01
Johor,SE-05,P.099,N.02
Johor,SE-05,P.100,N.03
Johor,SE-05,P.100,N.04
Johor,SE-05,P.101,N.05
Johor,SE-05,P.101,N.06
Johor,SE-05,P.102,N.07
Johor,SE-05,P.102,N.08
Johor,SE-05,P.103,N.09
Johor,SE-05,P.103,N.10
Johor,SE-05,P.104,N.11
Johor,SE-05,P.104,N.12
Johor,SE-05,P.105,N.13
Johor,SE-05,P.105,N.14
Johor,SE-05,P.106,N.15
Johor,SE-05,P.106,N.16
Johor,SE-05,P.107,N.17
Johor,SE-05,P.107,N.18
Johor,SE-05,P.108,N.19
Johor,SE-05,P.108,N.20
Johor,SE-05,P.109,N.21
Johor,SE-05,P.109,N.22
Johor,SE-05,P.110,N.23
Johor,SE-05,P.110,N.24
Johor,SE-05,P.111,N.25
Johor,SE-05,P.111,N.26
Johor,SE-05,P.112,N.27
Johor,SE-05,P.112,N.28
Johor,SE-05,P.113,N.29
Johor,SE-05,P.113,N.30
Johor,SE-05,P.114,N.31
Johor,SE-05,P.114,N.32
Johor,SE-06,P.099,N.01
Johor,SE-06,P.099,N.02
Johor,SE-06,P.100,N.03
Johor,SE-06,P.100,N.04
Johor,SE-06,P.101,N.05
Johor,SE-06,P.101,N.06
Johor,SE-06,P.102,N.07
Johor,SE-06,P.102,N.08
Johor,SE-06,P.103,N.09
Johor,SE-06,P.103,N.10
Johor,SE-06,P.104,N.11
Johor,SE-06,P.104,N.12
Johor,SE-06,P.105,N.13
Johor,SE-06,P.105,N.14
Johor,SE-06,P.106,N.15
Johor,SE-06,P.106,N.16
Johor,SE-06,P.107,N.17
Johor,SE-06,P.107,N.18
Johor,SE-06,P.108,N.19
Johor,SE-06,P.108,N.20
Johor,SE-06,P.109,N.21
Johor,SE-06,P.109,N.22
Johor,SE-06,P.110,N.23
Johor,SE-06,P.110,N.24
Johor,SE-06,P.111,N.25
Johor,SE-06,P.111,N.26
Johor,SE-06,P.112,N.27
Johor,SE-06,P.112,N.28
Johor,SE-06,P.113,N.29
Johor,SE-06,P.113,N.30
Johor,SE-06,P.114,N.31
Johor,SE-06,P.114,N.32
Johor,SE-07,P.115,N.01
Johor,SE-07,P.115,N.02
Johor,SE-07,P.116,N.03
Johor,SE-07,P.116,N.04
Johor,SE-07,P.117,N.05
Johor,SE-07,P.117,N.06
Johor,SE-07,P.118,N.07
Johor,SE-07,P.118,N.08
Johor,SE-07,P.119,N.09
Johor,SE-07,P.119,N.10
Johor,SE-07,P.120,N.11
Johor,SE-07,P.120,N.12
Johor,SE-07,P.121,N.13
Johor,SE-07,P.121,N.14
Johor,SE-07,P.122,N.15
Johor,SE-07,P.122,N.16
Johor,SE-07,P.123,N.17
Johor,SE-07,P.123,N.18
Johor,SE-07,P.124,N.19
Johor,SE-07,P.124,N.20
Johor,SE-07,P.125,N.21
Johor,SE-07,P.125,N.22
Johor,SE-07,P.126,N.23
Johor,SE-07,P.126,N.24
Johor,SE-07,P.127,N.25
Johor,SE-07,P.127,N.26
Johor,SE-07,P.128,N.27
Johor,SE-07,P.128,N.28
Johor,SE-07,P.129,N.29
Johor,SE-07,P.129,N.30
Johor,SE-07,P.130,N.31
Johor,SE-07,P.130,N.32
Johor,SE-07,P.131,N.33
Johor,SE-07,P.131,N.34
Johor,SE-07,P.132,N.35
Johor,SE-07,P.132,N.36
Johor,SE-08,P.115,N.01
Johor,SE-08,P.115,N.02
Johor,SE-08,P.116,N.03
Johor,SE-08,P.116,N.04
Johor,SE-08,P.117,N.05
Johor,SE-08,P.117,N.06
Johor,SE-08,P.118,N.07
Johor,SE-08,P.118,N.08
Johor,SE-08,P.119,N.09
Johor,SE-08,P.119,N.10
Johor,SE-08,P.120,N.11
Johor,SE-08,P.120,N.12
Johor,SE-08,P.121,N.13
Johor,SE-08,P.121,N.14
Johor,SE-08,P.122,N.15
Johor,SE-08,P.122,N.16
Johor,SE-08,P.123,N.17
Johor,SE-08,P.123,N.18
Johor,SE-08,P.124,N.19
Johor,SE-08,P.124,N.20
Johor,SE-08,P.125,N.21
Johor,SE-08,P.125,N.22
Johor,SE-08,P.126,N.23
Johor,SE-08,P.126,N.24
Johor,SE-08,P.127,N.25
Johor,SE-08,P.127,N.26
Johor,SE-08,P.128,N.27
Johor,SE-08,P.128,N.28
Johor,SE-08,P.129,N.29
Johor,SE-08,P.129,N.30
Johor,SE-08,P.130,N.31
Johor,SE-08,P.130,N.32
Johor,SE-08,P.131,N.33
Johor,SE-08,P.131,N.34
Johor,SE-08,P.132,N.35
Johor,SE-08,P.132,N.36
Johor,SE-09,P.125,N.01
Johor,SE-09,P.125,N.02
Johor,SE-09,P.126,N.03
Johor,SE-09,P.126,N.04
Johor,SE-09,P.127,N.05
Johor,SE-09,P.127,N.06
Johor,SE-09,P.128,N.07
Johor,SE-09,P.128,N.08
Johor,SE-09,P.129,N.09
Johor,SE-09,P.129,N.10
Johor,SE-09,P.130,N.11
Johor,SE-09,P.130,N.12
Johor,SE-09,P.131,N.13
Johor,SE-09,P.131,N.14
Johor,SE-09,P.132,N.15
Johor,SE-09,P.132,N.16
Johor,SE-09,P.133,N.17
Johor,SE-09,P.133,N.18
Johor,SE-09,P.134,N.19
Johor,SE-09,P.134,N.20
Johor,SE-09,P.135,N.21
Johor,SE-09,P.135,N.22
Johor,SE-09,P.136,N.23
Johor,SE-09,P.136,N.24
Johor,SE-09,P.137,N.25
Johor,SE-09,P.137,N.26
Johor,SE-09,P.138,N.27
Johor,SE-09,P.138,N.28
Johor,SE-09,P.139,N.29
Johor,SE-09,P.139,N.30
Johor,SE-09,P.140,N.31
Johor,SE-09,P.140,N.32
Johor,SE-09,P.141,N.33
Johor,SE-09,P.141,N.34
Johor,SE-09,P.142,N.35
Johor,SE-09,P.142,N.36
Johor,SE-09,P.143,N.37
Johor,SE-09,P.143,N.38
Johor,SE-09,P.144,N.39
Johor,SE-09,P.144,N.40
Johor,SE-10,P.125,N.01
Johor,SE-10,P.125,N.02
Johor,SE-10,P.126,N.03
Johor,SE-10,P.126,N.04
Johor,SE-10,P.127,N.05
Johor,SE-10,P.127,N.06
Johor,SE-10,P.128,N.07
Johor,SE-10,P.128,N.08
Johor,SE-10,P.129,N.09
Johor,SE-10,P.129,N.10
Johor,SE-10,P.130,N.11
Johor,SE-10,P.130,N.12
Johor,SE-10,P.131,N.13
Johor,SE-10,P.131,N.14
Johor,SE-10,P.132,N.15
Johor,SE-10,P.132,N.16
Johor,SE-10,P.133,N.17
Johor,SE-10,P.133,N.18
Johor,SE-10,P.134,N.19
Johor,SE-10,P.134,N.20
Johor,SE-10,P.135,N.21
Johor,SE-10,P.135,N.22
Johor,SE-10,P.136,N.23
Johor,SE-10,P.136,N.24
Johor,SE-10,P.137,N.25
Johor,SE-10,P.137,N.26
Johor,SE-10,P.138,N.27
Johor,SE-10,P.138,N.28
Johor,SE-10,P.139,N.29
Johor,SE-10,P.139,N.30
Johor,SE-10,P.140,N.31
Johor,SE-10,P.140,N.32
Johor,SE-10,P.141,N.33
Johor,SE-10,P.141,N.34
Johor,SE-10,P.142,N.35
Johor,SE-10,P.142,N.36
Johor,SE-10,P.143,N.37
Johor,SE-10,P.143,N.38
Johor,SE-10,P.144,N.39
Johor,SE-10,P.144,N.40
Johor,SE-11,P.140,N.01
Johor,SE-11,P.140,N.02
Johor,SE-11,P.141,N.03
Johor,SE-11,P.141,N.04
Johor,SE-11,P.142,N.05
Johor,SE-11,P.142,N.06
Johor,SE-11,P.143,N.07
Johor,SE-11,P.143,N.08
Johor,SE-11,P.144,N.09
Johor,SE-11,P.144,N.10
Johor,SE-11,P.144,N.11
Johor,SE-11,P.145,N.12
Johor,SE-11,P.145,N.13
Johor,SE-11,P.145,N.14
Johor,SE-11,P.146,N.15
Johor,SE-11,P.146,N.16
Johor,SE-11,P.147,N.17
Johor,SE-11,P.147,N.18
Johor,SE-11,P.148,N.19
Johor,SE-11,P.148,N.20
Johor,SE-11,P.149,N.21
Johor,SE-11,P.149,N.22
Johor,SE-11,P.150,N.23
Johor,SE-11,P.150,N.24
Johor,SE-11,P.150,N.25
Johor,SE-11,P.151,N.26
Johor,SE-11,P.151,N.27
Johor,SE-11,P.152,N.28
Johor,SE-11,P.152,N.29
Johor,SE-11,P.153,N.30
Johor,SE-11,P.153,N.31
Johor,SE-11,P.154,N.32
Johor,SE-11,P.154,N.33
Johor,SE-11,P.155,N.34
Johor,SE-11,P.155,N.35
Johor,SE-11,P.156,N.36
Johor,SE-11,P.156,N.37
Johor,SE-11,P.157,N.38
Johor,SE-11,P.157,N.39
Johor,SE-11,P.158,N.40
Johor,SE-11,P.158,N.41
Johor,SE-11,P.159,N.42
Johor,SE-11,P.159,N.43
Johor,SE-11,P.160,N.44
Johor,SE-11,P.160,N.45
Johor,SE-11,P.161,N.46
Johor,SE-11,P.161,N.47
Johor,SE-11,P.162,N.48
Johor,SE-11,P.162,N.49
Johor,SE-11,P.163,N.50
Johor,SE-11,P.163,N.51
Johor,SE-11,P.163,N.52
Johor,SE-11,P.164,N.53
Johor,SE-11,P.164,N.54
Johor,SE-11,P.165,N.55
Johor,SE-11,P.165,N.56
Johor,SE-12,P.140,N.01
Johor,SE-12,P.140,N.02
Johor,SE-12,P.141,N.03
Johor,SE-12,P.141,N.04
Johor,SE-12,P.142,N.05
Johor,SE-12,P.142,N.06
Johor,SE-12,P.143,N.07
Johor,SE-12,P.143,N.08
Johor,SE-12,P.144,N.09
Johor,SE-12,P.144,N.10
Johor,SE-12,P.144,N.11
Johor,SE-12,P.145,N.12
Johor,SE-12,P.145,N.13
Johor,SE-12,P.145,N.14
Johor,SE-12,P.146,N.15
Johor,SE-12,P.146,N.16
Johor,SE-12,P.147,N.17
Johor,SE-12,P.147,N.18
Johor,SE-12,P.148,N.19
Johor,SE-12,P.148,N.20
Johor,SE-12,P.149,N.21
Johor,SE-12,P.149,N.22
Johor,SE-12,P.150,N.23
Johor,SE-12,P.150,N.24
Johor,SE-12,P.150,N.25
Johor,SE-12,P.151,N.26
Johor,SE-12,P.151,N.27
Johor,SE-12,P.152,N.28
Johor,SE-12,P.152,N.29
Johor,SE-12,P.153,N.30
Johor,SE-12,P.153,N.31
Johor,SE-12,P.154,N.32
Johor,SE-12,P.154,N.33
Johor,SE-12,P.155,N.34
Johor,SE-12,P.155,N.35
Johor,SE-12,P.156,N.36
Johor,SE-12,P.156,N.37
Johor,SE-12,P.157,N.38
Johor,SE-12,P.157,N.39
Johor,SE-12,P.158,N.40
Johor,SE-12,P.158,N.41
Johor,SE-12,P.159,N.42
Johor,SE-12,P.159,N.43
Johor,SE-12,P.160,N.44
Johor,SE-12,P.160,N.45
Johor,SE-12,P.161,N.46
Johor,SE-12,P.161,N.47
Johor,SE-12,P.162,N.48
Johor,SE-12,P.162,N.49
Johor,SE-12,P.163,N.50
Johor,SE-12,P.163,N.51
Johor,SE-12,P.163,N.52
Johor,SE-12,P.164,N.53
Johor,SE-12,P.164,N.54
Johor,SE-12,P.165,N.55
Johor,SE-12,P.165,N.56
Johor,SE-13,P.140,N.01
Johor,SE-13,P.140,N.02
Johor,SE-13,P.141,N.03
Johor,SE-13,P.141,N.04
Johor,SE-13,P.142,N.05
Johor,SE-13,P.142,N.06
Johor,SE-13,P.143,N.07
Johor,SE-13,P.143,N.08
Johor,SE-13,P.144,N.09
Johor,SE-13,P.144,N.10
Johor,SE-13,P.144,N.11
Johor,SE-13,P.145,N.12
Johor,SE-13,P.145,N.13
Johor,SE-13,P.145,N.14
Johor,SE-13,P.146,N.15
Johor,SE-13,P.146,N.16
Johor,SE-13,P.147,N.17
Johor,SE-13,P.147,N.18
Johor,SE-13,P.148,N.19
Johor,SE-13,P.148,N.20
Johor,SE-13,P.149,N.21
Johor,SE-13,P.149,N.22
Johor,SE-13,P.150,N.23
Johor,SE-13,P.150,N.24
Johor,SE-13,P.150,N.25
Johor,SE-13,P.151,N.26
Johor,SE-13,P.151,N.27
Johor,SE-13,P.152,N.28
Johor,SE-13,P.152,N.29
Johor,SE-13,P.153,N.30
Johor,SE-13,P.153,N.31
Johor,SE-13,P.154,N.32
Johor,SE-13,P.154,N.33
Johor,SE-13,P.155,N.34
Johor,SE-13,P.155,N.35
Johor,SE-13,P.156,N.36
Johor,SE-13,P.156,N.37
Johor,SE-13,P.157,N.38
Johor,SE-13,P.157,N.39
Johor,SE-13,P.158,N.40
Johor,SE-13,P.158,N.41
Johor,SE-13,P.159,N.42
Johor,SE-13,P.159,N.43
Johor,SE-13,P.160,N.44
Johor,SE-13,P.160,N.45
Johor,SE-13,P.161,N.46
Johor,SE-13,P.161,N.47
Johor,SE-13,P.162,N.48
Johor,SE-13,P.162,N.49
Johor,SE-13,P.163,N.50
Johor,SE-13,P.163,N.51
Johor,SE-13,P.163,N.52
Johor,SE-13,P.164,N.53
Johor,SE-13,P.164,N.54
Johor,SE-13,P.165,N.55
Johor,SE-13,P.165,N.56
Johor,SE-14,P.140,N.01
Johor,SE-14,P.140,N.02
Johor,SE-14,P.141,N.03
Johor,SE-14,P.141,N.04
Johor,SE-14,P.142,N.05
Johor,SE-14,P.142,N.06
Johor,SE-14,P.143,N.07
Johor,SE-14,P.143,N.08
Johor,SE-14,P.144,N.09
Johor,SE-14,P.144,N.10
Johor,SE-14,P.144,N.11
Johor,SE-14,P.145,N.12
Johor,SE-14,P.145,N.13
Johor,SE-14,P.145,N.14
Johor,SE-14,P.146,N.15
Johor,SE-14,P.146,N.16
Johor,SE-14,P.147,N.17
Johor,SE-14,P.147,N.18
Johor,SE-14,P.148,N.19
Johor,SE-14,P.148,N.20
Johor,SE-14,P.149,N.21
Johor,SE-14,P.149,N.22
Johor,SE-14,P.150,N.23
Johor,SE-14,P.150,N.24
Johor,SE-14,P.150,N.25
Johor,SE-14,P.151,N.26
Johor,SE-14,P.151,N.27
Johor,SE-14,P.152,N.28
Johor,SE-14,P.152,N.29
Johor,SE-14,P.153,N.30
Johor,SE-14,P.153,N.31
Johor,SE-14,P.154,N.32
Johor,SE-14,P.154,N.33
Johor,SE-14,P.155,N.34
Johor,SE-14,P.155,N.35
Johor,SE-14,P.156,N.36
Johor,SE-14,P.156,N.37
Johor,SE-14,P.157,N.38
Johor,SE-14,P.157,N.39
Johor,SE-14,P.158,N.40
Johor,SE-14,P.158,N.41
Johor,SE-14,P.159,N.42
Johor,SE-14,P.159,N.43
Johor,SE-14,P.160,N.44
Johor,SE-14,P.160,N.45
Johor,SE-14,P.161,N.46
Johor,SE-14,P.161,N.47
Johor,SE-14,P.162,N.48
Johor,SE-14,P.162,N.49
Johor,SE-14,P.163,N.50
Johor,SE-14,P.163,N.51
Johor,SE-14,P.163,N.52
Johor,SE-14,P.164,N.53
Johor,SE-14,P.164,N.54
Johor,SE-14,P.165,N.55
Johor,SE-14,P.165,N.56
Johor,SE-15,P.140,N.01
Johor,SE-15,P.140,N.02
Johor,SE-15,P.141,N.03
Johor,SE-15,P.141,N.04
Johor,SE-15,P.142,N.05
Johor,SE-15,P.142,N.06
Johor,SE-15,P.143,N.07
Johor,SE-15,P.143,N.08
Johor,SE-15,P.144,N.09
Johor,SE-15,P.144,N.10
Johor,SE-15,P.144,N.11
Johor,SE-15,P.145,N.12
Johor,SE-15,P.145,N.13
Johor,SE-15,P.145,N.14
Johor,SE-15,P.146,N.15
Johor,SE-15,P.146,N.16
Johor,SE-15,P.147,N.17
Johor,SE-15,P.147,N.18
Johor,SE-15,P.148,N.19
Johor,SE-15,P.148,N.20
Johor,SE-15,P.149,N.21
Johor,SE-15,P.149,N.22
Johor,SE-15,P.150,N.23
Johor,SE-15,P.150,N.24
Johor,SE-15,P.150,N.25
Johor,SE-15,P.151,N.26
Johor,SE-15,P.151,N.27
Johor,SE-15,P.152,N.28
Johor,SE-15,P.152,N.29
Johor,SE-15,P.153,N.30
Johor,SE-15,P.153,N.31
Johor,SE-15,P.154,N.32
Johor,SE-15,P.154,N.33
Johor,SE-15,P.155,N.34
Johor,SE-15,P.155,N.35
Johor,SE-15,P.156,N.36
Johor,SE-15,P.156,N.37
Johor,SE-15,P.157,N.38
Johor,SE-15,P.157,N.39
Johor,SE-15,P.158,N.40
Johor,SE-15,P.158,N.41
Johor,SE-15,P.159,N.42
Johor,SE-15,P.159,N.43
Johor,SE-15,P.160,N.44
Johor,SE-15,P.160,N.45
Johor,SE-15,P.161,N.46
Johor,SE-15,P.161,N.47
Johor,SE-15,P.162,N.48
Johor,SE-15,P.162,N.49
Johor,SE-15,P.163,N.50
Johor,SE-15,P.163,N.51
Johor,SE-15,P.163,N.52
Johor,SE-15,P.164,N.53
Johor,SE-15,P.164,N.54
Johor,SE-15,P.165,N.55
Johor,SE-15,P.165,N.56
Kedah,SE-01,P.003,N.01
Kedah,SE-01,P.003,N.02
Kedah,SE-01,P.004,N.03
Kedah,SE-01,P.004,N.04
Kedah,SE-01,P.005,N.05
Kedah,SE-01,P.005,N.06
Kedah,SE-01,P.006,N.07
Kedah,SE-01,P.006,N.08
Kedah,SE-01,P.007,N.09
Kedah,SE-01,P.007,N.10
Kedah,SE-01,P.008,N.11
Kedah,SE-01,P.008,N.12
Kedah,SE-01,P.009,N.13
Kedah,SE-01,P.009,N.14
Kedah,SE-01,P.010,N.15
Kedah,SE-01,P.010,N.16
Kedah,SE-01,P.011,N.17
Kedah,SE-01,P.011,N.18
Kedah,SE-01,P.012,N.19
Kedah,SE-01,P.012,N.20
Kedah,SE-01,P.013,N.21
Kedah,SE-01,P.013,N.22
Kedah,SE-01,P.014,N.23
Kedah,SE-01,P.014,N.24
Kedah,SE-02,P.003,N.01
Kedah,SE-02,P.003,N.02
Kedah,SE-02,P.004,N.03
Kedah,SE-02,P.004,N.04
Kedah,SE-02,P.005,N.05
Kedah,SE-02,P.005,N.06
Kedah,SE-02,P.006,N.07
Kedah,SE-02,P.006,N.08
Kedah,SE-02,P.007,N.09
Kedah,SE-02,P.007,N.10
Kedah,SE-02,P.008,N.11
Kedah,SE-02,P.008,N.12
Kedah,SE-02,P.009,N.13
Kedah,SE-02,P.009,N.14
Kedah,SE-02,P.010,N.15
Kedah,SE-02,P.010,N.16
Kedah,SE-02,P.011,N.17
Kedah,SE-02,P.011,N.18
Kedah,SE-02,P.012,N.19
Kedah,SE-02,P.012,N.20
Kedah,SE-02,P.013,N.21
Kedah,SE-02,P.013,N.22
Kedah,SE-02,P.014,N.23
Kedah,SE-02,P.014,N.24
Kedah,SE-03,P.003,N.01
Kedah,SE-03,P.003,N.02
Kedah,SE-03,P.004,N.03
Kedah,SE-03,P.004,N.04
Kedah,SE-03,P.005,N.05
Kedah,SE-03,P.005,N.06
Kedah,SE-03,P.006,N.07
Kedah,SE-03,P.006,N.08
Kedah,SE-03,P.007,N.09
Kedah,SE-03,P.007,N.10
Kedah,SE-03,P.008,N.11
Kedah,SE-03,P.008,N.12
Kedah,SE-03,P.009,N.13
Kedah,SE-03,P.009,N.14
Kedah,SE-03,P.010,N.15
Kedah,SE-03,P.010,N.16
Kedah,SE-03,P.011,N.17
Kedah,SE-03,P.011,N.18
Kedah,SE-03,P.012,N.19
Kedah,SE-03,P.012,N.20
Kedah,SE-03,P.013,N.21
Kedah,SE-03,P.013,N.22
Kedah,SE-03,P.014,N.23
Kedah,SE-03,P.014,N.24
Kedah,SE-04,P.003,N.01
Kedah,SE-04,P.003,N.02
Kedah,SE-04,P.004,N.03
Kedah,SE-04,P.004,N.04
Kedah,SE-04,P.005,N.05
Kedah,SE-04,P.005,N.06
Kedah,SE-04,P.006,N.07
Kedah,SE-04,P.006,N.08
Kedah,SE-04,P.007,N.09
Kedah,SE-04,P.007,N.10
Kedah,SE-04,P.008,N.11
Kedah,SE-04,P.008,N.12
Kedah,SE-04,P.009,N.13
Kedah,SE-04,P.009,N.14
Kedah,SE-04,P.010,N.15
Kedah,SE-04,P.010,N.16
Kedah,SE-04,P.011,N.17
Kedah,SE-04,P.011,N.18
Kedah,SE-04,P.012,N.19
Kedah,SE-04,P.012,N.20
Kedah,SE-04,P.013,N.21
Kedah,SE-04,P.013,N.22
Kedah,SE-04,P.014,N.23
Kedah,SE-04,P.014,N.24
Kedah,SE-04,P.015,N.25
Kedah,SE-04,P.015,N.26
Kedah,SE-05,P.003,N.01
Kedah,SE-05,P.003,N.02
Kedah,SE-05,P.004,N.03
Kedah,SE-05,P.004,N.04
Kedah,SE-05,P.005,N.05
Kedah,SE-05,P.005,N.06
Kedah,SE-05,P.006,N.07
Kedah,SE-05,P.006,N.08
Kedah,SE-05,P.007,N.09
Kedah,SE-05,P.007,N.10
Kedah,SE-05,P.008,N.11
Kedah,SE-05,P.008,N.12
Kedah,SE-05,P.009,N.13
Kedah,SE-05,P.009,N.14
Kedah,SE-05,P.010,N.15
Kedah,SE-05,P.010,N.16
Kedah,SE-05,P.011,N.17
Kedah,SE-05,P.011,N.18
Kedah,SE-05,P.012,N.19
Kedah,SE-05,P.012,N.20
Kedah,SE-05,P.013,N.21
Kedah,SE-05,P.013,N.22
Kedah,SE-05,P.014,N.23
Kedah,SE-05,P.014,N.24
Kedah,SE-05,P.015,N.25
Kedah,SE-05,P.015,N.26
Kedah,SE-06,P.003,N.01
Kedah,SE-06,P.003,N.02
Kedah,SE-06,P.004,N.03
Kedah,SE-06,P.004,N.04
Kedah,SE-06,P.005,N.05
Kedah,SE-06,P.005,N.06
Kedah,SE-06,P.006,N.07
Kedah,SE-06,P.006,N.08
Kedah,SE-06,P.007,N.09
Kedah,SE-06,P.007,N.10
Kedah,SE-06,P.008,N.11
Kedah,SE-06,P.008,N.12
Kedah,SE-06,P.009,N.13
Kedah,SE-06,P.009,N.14
Kedah,SE-06,P.010,N.15
Kedah,SE-06,P.010,N.16
Kedah,SE-06,P.011,N.17
Kedah,SE-06,P.011,N.18
Kedah,SE-06,P.012,N.19
Kedah,SE-06,P.012,N.20
Kedah,SE-06,P.013,N.21
Kedah,SE-06,P.013,N.22
Kedah,SE-06,P.014,N.23
Kedah,SE-06,P.014,N.24
Kedah,SE-06,P.015,N.25
Kedah,SE-06,P.015,N.26
Kedah,SE-07,P.003,N.01
Kedah,SE-07,P.003,N.02
Kedah,SE-07,P.004,N.03
Kedah,SE-07,P.004,N.04
Kedah,SE-07,P.005,N.05
Kedah,SE-07,P.005,N.06
Kedah,SE-07,P.006,N.07
Kedah,SE-07,P.006,N.08
Kedah,SE-07,P.007,N.09
Kedah,SE-07,P.007,N.10
Kedah,SE-07,P.008,N.11
Kedah,SE-07,P.008,N.12
Kedah,SE-07,P.009,N.13
Kedah,SE-07,P.009,N.14
Kedah,SE-07,P.010,N.15
Kedah,SE-07,P.010,N.16
Kedah,SE-07,P.011,N.17
Kedah,SE-07,P.011,N.18
Kedah,SE-07,P.012,N.19
Kedah,SE-07,P.012,N.20
Kedah,SE-07,P.013,N.21
Kedah,SE-07,P.013,N.22
Kedah,SE-07,P.014,N.23
Kedah,SE-07,P.014,N.24
Kedah,SE-07,P.015,N.25
Kedah,SE-07,P.015,N.26
Kedah,SE-07,P.016,N.27
Kedah,SE-07,P.016,N.28
Kedah,SE-08,P.003,N.01
Kedah,SE-08,P.003,N.02
Kedah,SE-08,P.004,N.03
Kedah,SE-08,P.004,N.04
Kedah,SE-08,P.005,N.05
Kedah,SE-08,P.005,N.06
Kedah,SE-08,P.006,N.07
Kedah,SE-08,P.006,N.08
Kedah,SE-08,P.007,N.09
Kedah,SE-08,P.007,N.10
Kedah,SE-08,P.008,N.11
Kedah,SE-08,P.008,N.12
Kedah,SE-08,P.009,N.13
Kedah,SE-08,P.009,N.14
Kedah,SE-08,P.010,N.15
Kedah,SE-08,P.010,N.16
Kedah,SE-08,P.011,N.17
Kedah,SE-08,P.011,N.18
Kedah,SE-08,P.012,N.19
Kedah,SE-08,P.012,N.20
Kedah,SE-08,P.013,N.21
Kedah,SE-08,P.013,N.22
Kedah,SE-08,P.014,N.23
Kedah,SE-08,P.014,N.24
Kedah,SE-08,P.015,N.25
Kedah,SE-08,P.015,N.26
Kedah,SE-08,P.016,N.27
Kedah,SE-08,P.016,N.28
Kedah,SE-09,P.004,N.01
Kedah,SE-09,P.004,N.02
Kedah,SE-09,P.005,N.03
Kedah,SE-09,P.005,N.04
Kedah,SE-09,P.006,N.05
Kedah,SE-09,P.006,N.06
Kedah,SE-09,P.007,N.07
Kedah,SE-09,P.007,N.08
Kedah,SE-09,P.008,N.09
Kedah,SE-09,P.008,N.10
Kedah,SE-09,P.008,N.11
Kedah,SE-09,P.009,N.12
Kedah,SE-09,P.009,N.13
Kedah,SE-09,P.009,N.14
Kedah,SE-09,P.010,N.15
Kedah,SE-09,P.010,N.16
Kedah,SE-09,P.010,N.17
Kedah,SE-09,P.011,N.18
Kedah,SE-09,P.011,N.19
Kedah,SE-09,P.012,N.20
Kedah,SE-09,P.012,N.21
Kedah,SE-09,P.013,N.22
Kedah,SE-09,P.013,N.23
Kedah,SE-09,P.014,N.24
Kedah,SE-09,P.014,N.25
Kedah,SE-09,P.014,N.26
Kedah,SE-09,P.015,N.27
Kedah,SE-09,P.015,N.28
Kedah,SE-09,P.015,N.29
Kedah,SE-09,P.016,N.30
Kedah,SE-09,P.016,N.31
Kedah,SE-09,P.017,N.32
Kedah,SE-09,P.017,N.33
Kedah,SE-09,P.017,N.34
Kedah,SE-09,P.018,N.35
Kedah,SE-09,P.018,N.36
Kedah,SE-10,P.004,N.01
Kedah,SE-10,P.004,N.02
Kedah,SE-10,P.005,N.03
Kedah,SE-10,P.005,N.04
Kedah,SE-10,P.006,N.05
Kedah,SE-10,P.006,N.06
Kedah,SE-10,P.007,N.07
Kedah,SE-10,P.007,N.08
Kedah,SE-10,P.008,N.09
Kedah,SE-10,P.008,N.10
Kedah,SE-10,P.008,N.11
Kedah,SE-10,P.009,N.12
Kedah,SE-10,P.009,N.13
Kedah,SE-10,P.009,N.14
Kedah,SE-10,P.010,N.15
Kedah,SE-10,P.010,N.16
Kedah,SE-10,P.010,N.17
Kedah,SE-10,P.011,N.18
Kedah,SE-10,P.011,N.19
Kedah,SE-10,P.012,N.20
Kedah,SE-10,P.012,N.21
Kedah,SE-10,P.013,N.22
Kedah,SE-10,P.013,N.23
Kedah,SE-10,P.014,N.24
Kedah,SE-10,P.014,N.25
Kedah,SE-10,P.014,N.26
Kedah,SE-10,P.015,N.27
Kedah,SE-10,P.015,N.28
Kedah,SE-10,P.015,N.29
Kedah,SE-10,P.016,N.30
Kedah,SE-10,P.016,N.31
Kedah,SE-10,P.017,N.32
Kedah,SE-10,P.017,N.33
Kedah,SE-10,P.017,N.34
Kedah,SE-10,P.018,N.35
Kedah,SE-10,P.018,N.36
Kedah,SE-11,P.004,N.01
Kedah,SE-11,P.004,N.02
Kedah,SE-11,P.005,N.03
Kedah,SE-11,P.005,N.04
Kedah,SE-11,P.006,N.05
Kedah,SE-11,P.006,N.06
Kedah,SE-11,P.007,N.07
Kedah,SE-11,P.007,N.08
Kedah,SE-11,P.008,N.09
Kedah,SE-11,P.008,N.10
Kedah,SE-11,P.008,N.11
Kedah,SE-11,P.009,N.12
Kedah,SE-11,P.009,N.13
Kedah,SE-11,P.009,N.14
Kedah,SE-11,P.010,N.15
Kedah,SE-11,P.010,N.16
Kedah,SE-11,P.010,N.17
Kedah,SE-11,P.011,N.18
Kedah,SE-11,P.011,N.19
Kedah,SE-11,P.012,N.20
Kedah,SE-11,P.012,N.21
Kedah,SE-11,P.012,N.22
Kedah,SE-11,P.013,N.23
Kedah,SE-11,P.013,N.24
Kedah,SE-11,P.014,N.25
Kedah,SE-11,P.014,N.26
Kedah,SE-11,P.015,N.27
Kedah,SE-11,P.015,N.28
Kedah,SE-11,P.015,N.29
Kedah,SE-11,P.016,N.30
Kedah,SE-11,P.016,N.31
Kedah,SE-11,P.016,N.32
Kedah,SE-11,P.017,N.33
Kedah,SE-11,P.017,N.34
Kedah,SE-11,P.018,N.35
Kedah,SE-11,P.018,N.36
Kedah,SE-12,P.004,N.01
Kedah,SE-12,P.004,N.02
Kedah,SE-12,P.005,N.03
Kedah,SE-12,P.005,N.04
Kedah,SE-12,P.006,N.05
Kedah,SE-12,P.006,N.06
Kedah,SE-12,P.007,N.07
Kedah,SE-12,P.007,N.08
Kedah,SE-12,P.008,N.09
Kedah,SE-12,P.008,N.10
Kedah,SE-12,P.008,N.11
Kedah,SE-12,P.009,N.12
Kedah,SE-12,P.009,N.13
Kedah,SE-12,P.009,N.14
Kedah,SE-12,P.010,N.15
Kedah,SE-12,P.010,N.16
Kedah,SE-12,P.010,N.17
Kedah,SE-12,P.011,N.18
Kedah,SE-12,P.011,N.19
Kedah,SE-12,P.012,N.20
Kedah,SE-12,P.012,N.21
Kedah,SE-12,P.012,N.22
Kedah,SE-12,P.013,N.23
Kedah,SE-12,P.013,N.24
Kedah,SE-12,P.014,N.25
Kedah,SE-12,P.014,N.26
Kedah,SE-12,P.015,N.27
Kedah,SE-12,P.015,N.28
Kedah,SE-12,P.015,N.29
Kedah,SE-12,P.016,N.30
Kedah,SE-12,P.016,N.31
Kedah,SE-12,P.016,N.32
Kedah,SE-12,P.017,N.33
Kedah,SE-12,P.017,N.34
Kedah,SE-12,P.018,N.35
Kedah,SE-12,P.018,N.36
Kedah,SE-13,P.004,N.01
Kedah,SE-13,P.004,N.02
Kedah,SE-13,P.005,N.03
Kedah,SE-13,P.005,N.04
Kedah,SE-13,P.006,N.05
Kedah,SE-13,P.006,N.06
Kedah,SE-13,P.007,N.07
Kedah,SE-13,P.007,N.08
Kedah,SE-13,P.008,N.09
Kedah,SE-13,P.008,N.10
Kedah,SE-13,P.008,N.11
Kedah,SE-13,P.009,N.12
Kedah,SE-13,P.009,N.13
Kedah,SE-13,P.009,N.14
Kedah,SE-13,P.010,N.15
Kedah,SE-13,P.010,N.16
Kedah,SE-13,P.010,N.17
Kedah,SE-13,P.011,N.18
Kedah,SE-13,P.011,N.19
Kedah,SE-13,P.012,N.20
Kedah,SE-13,P.012,N.21
Kedah,SE-13,P.012,N.22
Kedah,SE-13,P.013,N.23
Kedah,SE-13,P.013,N.24
Kedah,SE-13,P.014,N.25
Kedah,SE-13,P.014,N.26
Kedah,SE-13,P.015,N.27
Kedah,SE-13,P.015,N.28
Kedah,SE-13,P.015,N.29
Kedah,SE-13,P.016,N.30
Kedah,SE-13,P.016,N.31
Kedah,SE-13,P.016,N.32
Kedah,SE-13,P.017,N.33
Kedah,SE-13,P.017,N.34
Kedah,SE-13,P.018,N.35
Kedah,SE-13,P.018,N.36
Kedah,SE-14,P.004,N.01
Kedah,SE-14,P.004,N.02
Kedah,SE-14,P.005,N.03
Kedah,SE-14,P.005,N.04
Kedah,SE-14,P.006,N.05
Kedah,SE-14,P.006,N.06
Kedah,SE-14,P.007,N.07
Kedah,SE-14,P.007,N.08
Kedah,SE-14,P.008,N.09
Kedah,SE-14,P.008,N.10
Kedah,SE-14,P.008,N.11
Kedah,SE-14,P.009,N.12
Kedah,SE-14,P.009,N.13
Kedah,SE-14,P.009,N.14
Kedah,SE-14,P.010,N.15
Kedah,SE-14,P.010,N.16
Kedah,SE-14,P.010,N.17
Kedah,SE-14,P.011,N.18
Kedah,SE-14,P.011,N.19
Kedah,SE-14,P.012,N.20
Kedah,SE-14,P.012,N.21
Kedah,SE-14,P.012,N.22
Kedah,SE-14,P.013,N.23
Kedah,SE-14,P.013,N.24
Kedah,SE-14,P.014,N.25
Kedah,SE-14,P.014,N.26
Kedah,SE-14,P.015,N.27
Kedah,SE-14,P.015,N.28
Kedah,SE-14,P.015,N.29
Kedah,SE-14,P.016,N.30
Kedah,SE-14,P.016,N.31
Kedah,SE-14,P.016,N.32
Kedah,SE-14,P.017,N.33
Kedah,SE-14,P.017,N.34
Kedah,SE-14,P.018,N.35
Kedah,SE-14,P.018,N.36
Kedah,SE-15,P.004,N.01
Kedah,SE-15,P.004,N.02
Kedah,SE-15,P.005,N.03
Kedah,SE-15,P.005,N.04
Kedah,SE-15,P.006,N.05
Kedah,SE-15,P.006,N.06
Kedah,SE-15,P.007,N.07
Kedah,SE-15,P.007,N.08
Kedah,SE-15,P.008,N.09
Kedah,SE-15,P.008,N.10
Kedah,SE-15,P.008,N.11
Kedah,SE-15,P.009,N.12
Kedah,SE-15,P.009,N.13
Kedah,SE-15,P.009,N.14
Kedah,SE-15,P.010,N.15
Kedah,SE-15,P.010,N.16
Kedah,SE-15,P.010,N.17
Kedah,SE-15,P.011,N.18
Kedah,SE-15,P.011,N.19
Kedah,SE-15,P.012,N.20
Kedah,SE-15,P.012,N.21
Kedah,SE-15,P.012,N.22
Kedah,SE-15,P.013,N.23
Kedah,SE-15,P.013,N.24
Kedah,SE-15,P.014,N.25
Kedah,SE-15,P.014,N.26
Kedah,SE-15,P.015,N.27
Kedah,SE-15,P.015,N.28
Kedah,SE-15,P.015,N.29
Kedah,SE-15,P.016,N.30
Kedah,SE-15,P.016,N.31
Kedah,SE-15,P.016,N.32
Kedah,SE-15,P.017,N.33
Kedah,SE-15,P.017,N.34
Kedah,SE-15,P.018,N.35
Kedah,SE-15,P.018,N.36
Kelantan,SE-01,P.015,N.01
Kelantan,SE-01,P.015,N.02
Kelantan,SE-01,P.015,N.03
Kelantan,SE-01,P.016,N.04
Kelantan,SE-01,P.016,N.05
Kelantan,SE-01,P.016,N.06
Kelantan,SE-01,P.017,N.07
Kelantan,SE-01,P.017,N.08
Kelantan,SE-01,P.017,N.09
Kelantan,SE-01,P.018,N.10
Kelantan,SE-01,P.018,N.11
Kelantan,SE-01,P.018,N.12
Kelantan,SE-01,P.019,N.13
Kelantan,SE-01,P.019,N.14
Kelantan,SE-01,P.019,N.15
Kelantan,SE-01,P.020,N.16
Kelantan,SE-01,P.020,N.17
Kelantan,SE-01,P.020,N.18
Kelantan,SE-01,P.021,N.19
Kelantan,SE-01,P.021,N.20
Kelantan,SE-01,P.021,N.21
Kelantan,SE-01,P.022,N.22
Kelantan,SE-01,P.022,N.23
Kelantan,SE-01,P.022,N.24
Kelantan,SE-01,P.023,N.25
Kelantan,SE-01,P.023,N.26
Kelantan,SE-01,P.023,N.27
Kelantan,SE-01,P.024,N.28
Kelantan,SE-01,P.024,N.29
Kelantan,SE-01,P.024,N.30
Kelantan,SE-02,P.015,N.01
Kelantan,SE-02,P.015,N.02
Kelantan,SE-02,P.015,N.03
Kelantan,SE-02,P.016,N.04
Kelantan,SE-02,P.016,N.05
Kelantan,SE-02,P.016,N.06
Kelantan,SE-02,P.017,N.07
Kelantan,SE-02,P.017,N.08
Kelantan,SE-02,P.017,N.09
Kelantan,SE-02,P.018,N.10
Kelantan,SE-02,P.018,N.11
Kelantan,SE-02,P.018,N.12
Kelantan,SE-02,P.019,N.13
Kelantan,SE-02,P.019,N.14
Kelantan,SE-02,P.019,N.15
Kelantan,SE-02,P.020,N.16
Kelantan,SE-02,P.020,N.17
Kelantan,SE-02,P.020,N.18
Kelantan,SE-02,P.021,N.19
Kelantan,SE-02,P.021,N.20
Kelantan,SE-02,P.021,N.21
Kelantan,SE-02,P.022,N.22
Kelantan,SE-02,P.022,N.23
Kelantan,SE-02,P.022,N.24
Kelantan,SE-02,P.023,N.25
Kelantan,SE-02,P.023,N.26
Kelantan,SE-02,P.023,N.27
Kelantan,SE-02,P.024,N.28
Kelantan,SE-02,P.024,N.29
Kelantan,SE-02,P.024,N.30
Kelantan,SE-03,P.015,N.01
Kelantan,SE-03,P.015,N.02
Kelantan,SE-03,P.015,N.03
Kelantan,SE-03,P.016,N.04
Kelantan,SE-03,P.016,N.05
Kelantan,SE-03,P.016,N.06
Kelantan,SE-03,P.017,N.07
Kelantan,SE-03,P.017,N.08
Kelantan,SE-03,P.017,N.09
Kelantan,SE-03,P.018,N.10
Kelantan,SE-03,P.018,N.11
Kelantan,SE-03,P.018,N.12
Kelantan,SE-03,P.019,N.13
Kelantan,SE-03,P.019,N.14
Kelantan,SE-03,P.019,N.15
Kelantan,SE-03,P.020,N.16
Kelantan,SE-03,P.020,N.17
Kelantan,SE-03,P.020,N.18
Kelantan,SE-03,P.021,N.19
Kelantan,SE-03,P.021,N.20
Kelantan,SE-03,P.021,N.21
Kelantan,SE-03,P.022,N.22
Kelantan,SE-03,P.022,N.23
Kelantan,SE-03,P.022,N.24
Kelantan,SE-03,P.023,N.25
Kelantan,SE-03,P.023,N.26
Kelantan,SE-03,P.023,N.27
Kelantan,SE-03,P.024,N.28
Kelantan,SE-03,P.024,N.29
Kelantan,SE-03,P.024,N.30
Kelantan,SE-04,P.016,N.01
Kelantan,SE-04,P.016,N.02
Kelantan,SE-04,P.016,N.03
Kelantan,SE-04,P.017,N.04
Kelantan,SE-04,P.017,N.05
Kelantan,SE-04,P.017,N.06
Kelantan,SE-04,P.018,N.07
Kelantan,SE-04,P.018,N.08
Kelantan,SE-04,P.018,N.09
Kelantan,SE-04,P.019,N.10
Kelantan,SE-04,P.019,N.11
Kelantan,SE-04,P.019,N.12
Kelantan,SE-04,P.020,N.13
Kelantan,SE-04,P.020,N.14
Kelantan,SE-04,P.020,N.15
Kelantan,SE-04,P.021,N.16
Kelantan,SE-04,P.021,N.17
Kelantan,SE-04,P.021,N.18
Kelantan,SE-04,P.022,N.19
Kelantan,SE-04,P.022,N.20
Kelantan,SE-04,P.022,N.21
Kelantan,SE-04,P.023,N.22
Kelantan,SE-04,P.023,N.23
Kelantan,SE-04,P.023,N.24
Kelantan,SE-04,P.024,N.25
Kelantan,SE-04,P.024,N.26
Kelantan,SE-04,P.024,N.27
Kelantan,SE-04,P.025,N.28
Kelantan,SE-04,P.025,N.29
Kelantan,SE-04,P.025,N.30
Kelantan,SE-04,P.026,N.31
Kelantan,SE-04,P.026,N.32
Kelantan,SE-04,P.026,N.33
Kelantan,SE-04,P.027,N.34
Kelantan,SE-04,P.027,N.35
Kelantan,SE-04,P.027,N.36
Kelantan,SE-05,P.016,N.01
Kelantan,SE-05,P.016,N.02
Kelantan,SE-05,P.016,N.03
Kelantan,SE-05,P.017,N.04
Kelantan,SE-05,P.017,N.05
Kelantan,SE-05,P.017,N.06
Kelantan,SE-05,P.018,N.07
Kelantan,SE-05,P.018,N.08
Kelantan,SE-05,P.018,N.09
Kelantan,SE-05,P.019,N.10
Kelantan,SE-05,P.019,N.11
Kelantan,SE-05,P.019,N.12
Kelantan,SE-05,P.020,N.13
Kelantan,SE-05,P.020,N.14
Kelantan,SE-05,P.020,N.15
Kelantan,SE-05,P.021,N.16
Kelantan,SE-05,P.021,N.17
Kelantan,SE-05,P.021,N.18
Kelantan,SE-05,P.022,N.19
Kelantan,SE-05,P.022,N.20
Kelantan,SE-05,P.022,N.21
Kelantan,SE-05,P.023,N.22
Kelantan,SE-05,P.023,N.23
Kelantan,SE-05,P.023,N.24
Kelantan,SE-05,P.024,N.25
Kelantan,SE-05,P.024,N.26
Kelantan,SE-05,P.024,N.27
Kelantan,SE-05,P.025,N.28
Kelantan,SE-05,P.025,N.29
Kelantan,SE-05,P.025,N.30
Kelantan,SE-05,P.026,N.31
Kelantan,SE-05,P.026,N.32
Kelantan,SE-05,P.026,N.33
Kelantan,SE-05,P.027,N.34
Kelantan,SE-05,P.027,N.35
Kelantan,SE-05,P.027,N.36
Kelantan,SE-06,P.016,N.01
Kelantan,SE-06,P.016,N.02
Kelantan,SE-06,P.016,N.03
Kelantan,SE-06,P.017,N.04
Kelantan,SE-06,P.017,N.05
Kelantan,SE-06,P.017,N.06
Kelantan,SE-06,P.018,N.07
Kelantan,SE-06,P.018,N.08
Kelantan,SE-06,P.018,N.09
Kelantan,SE-06,P.019,N.10
Kelantan,SE-06,P.019,N.11
Kelantan,SE-06,P.019,N.12
Kelantan,SE-06,P.020,N.13
Kelantan,SE-06,P.020,N.14
Kelantan,SE-06,P.020,N.15
Kelantan,SE-06,P.021,N.16
Kelantan,SE-06,P.021,N.17
Kelantan,SE-06,P.021,N.18
Kelantan,SE-06,P.022,N.19
Kelantan,SE-06,P.022,N.20
Kelantan,SE-06,P.022,N.21
Kelantan,SE-06,P.023,N.22
Kelantan,SE-06,P.023,N.23
Kelantan,SE-06,P.023,N.24
Kelantan,SE-06,P.024,N.25
Kelantan,SE-06,P.024,N.26
Kelantan,SE-06,P.024,N.27
Kelantan,SE-06,P.025,N.28
Kelantan,SE-06,P.025,N.29
Kelantan,SE-06,P.025,N.30
Kelantan,SE-06,P.026,N.31
Kelantan,SE-06,P.026,N.32
Kelantan,SE-06,P.026,N.33
Kelantan,SE-06,P.027,N.34
Kelantan,SE-06,P.027,N.35
Kelantan,SE-06,P.027,N.36
Kelantan,SE-07,P.017,N.01
Kelantan,SE-07,P.017,N.02
Kelantan,SE-07,P.017,N.03
Kelantan,SE-07,P.018,N.04
Kelantan,SE-07,P.018,N.05
Kelantan,SE-07,P.018,N.06
Kelantan,SE-07,P.019,N.07
Kelantan,SE-07,P.019,N.08
Kelantan,SE-07,P.019,N.09
Kelantan,SE-07,P.020,N.10
Kelantan,SE-07,P.020,N.11
Kelantan,SE-07,P.020,N.12
Kelantan,SE-07,P.021,N.13
Kelantan,SE-07,P.021,N.14
Kelantan,SE-07,P.021,N.15
Kelantan,SE-07,P.022,N.16
Kelantan,SE-07,P.022,N.17
Kelantan,SE-07,P.022,N.18
Kelantan,SE-07,P.023,N.19
Kelantan,SE-07,P.023,N.20
Kelantan,SE-07,P.023,N.21
Kelantan,SE-07,P.024,N.22
Kelantan,SE-07,P.024,N.23
Kelantan,SE-07,P.024,N.24
Kelantan,SE-07,P.025,N.25
Kelantan,SE-07,P.025,N.26
Kelantan,SE-07,P.025,N.27
Kelantan,SE-07,P.026,N.28
Kelantan,SE-07,P.026,N.29
Kelantan,SE-07,P.026,N.30
Kelantan,SE-07,P.027,N.31
Kelantan,SE-07,P.027,N.32
Kelantan,SE-07,P.027,N.33
Kelantan,SE-07,P.028,N.34
Kelantan,SE-07,P.028,N.35
Kelantan,SE-07,P.028,N.36
Kelantan,SE-07,P.029,N.37
Kelantan,SE-07,P.029,N.38
Kelantan,SE-07,P.029,N.39
Kelantan,SE-08,P.017,N.01
Kelantan,SE-08,P.017,N.02
Kelantan,SE-08,P.017,N.03
Kelantan,SE-08,P.018,N.04
Kelantan,SE-08,P.018,N.05
Kelantan,SE-08,P.018,N.06
Kelantan,SE-08,P.019,N.07
Kelantan,SE-08,P.019,N.08
Kelantan,SE-08,P.019,N.09
Kelantan,SE-08,P.020,N.10
Kelantan,SE-08,P.020,N.11
Kelantan,SE-08,P.020,N.12
Kelantan,SE-08,P.021,N.13
Kelantan,SE-08,P.021,N.14
Kelantan,SE-08,P.021,N.15
Kelantan,SE-08,P.022,N.16
Kelantan,SE-08,P.022,N.17
Kelantan,SE-08,P.022,N.18
Kelantan,SE-08,P.023,N.19
Kelantan,SE-08,P.023,N.20
Kelantan,SE-08,P.023,N.21
Kelantan,SE-08,P.024,N.22
Kelantan,SE-08,P.024,N.23
Kelantan,SE-08,P.024,N.24
Kelantan,SE-08,P.025,N.25
Kelantan,SE-08,P.025,N.26
Kelantan,SE-08,P.025,N.27
Kelantan,SE-08,P.026,N.28
Kelantan,SE-08,P.026,N.29
Kelantan,SE-08,P.026,N.30
Kelantan,SE-08,P.027,N.31
Kelantan,SE-08,P.027,N.32
Kelantan,SE-08,P.027,N.33
Kelantan,SE-08,P.028,N.34
Kelantan,SE-08,P.028,N.35
Kelantan,SE-08,P.028,N.36
Kelantan,SE-08,P.029,N.37
Kelantan,SE-08,P.029,N.38
Kelantan,SE-08,P.029,N.39
Kelantan,SE-09,P.019,N.01
Kelantan,SE-09,P.019,N.02
Kelantan,SE-09,P.019,N.03
Kelantan,SE-09,P.020,N.04
Kelantan,SE-09,P.020,N.05
Kelantan,SE-09,P.020,N.06
Kelantan,SE-09,P.021,N.07
Kelantan,SE-09,P.021,N.08
Kelantan,SE-09,P.021,N.09
Kelantan,SE-09,P.022,N.10
Kelantan,SE-09,P.022,N.11
Kelantan,SE-09,P.022,N.12
Kelantan,SE-09,P.023,N.13
Kelantan,SE-09,P.023,N.14
Kelantan,SE-09,P.023,N.15
Kelantan,SE-09,P.024,N.16
Kelantan,SE-09,P.024,N.17
Kelantan,SE-09,P.024,N.18
Kelantan,SE-09,P.025,N.19
Kelantan,SE-09,P.025,N.20
Kelantan,SE-09,P.025,N.21
Kelantan,SE-09,P.026,N.22
Kelantan,SE-09,P.026,N.23
Kelantan,SE-09,P.026,N.24
Kelantan,SE-09,P.027,N.25
Kelantan,SE-09,P.027,N.26
Kelantan,SE-09,P.027,N.27
Kelantan,SE-09,P.028,N.28
Kelantan,SE-09,P.028,N.29
Kelantan,SE-09,P.028,N.30
Kelantan,SE-09,P.028,N.31
Kelantan,SE-09,P.029,N.32
Kelantan,SE-09,P.029,N.33
Kelantan,SE-09,P.029,N.34
Kelantan,SE-09,P.030,N.35
Kelantan,SE-09,P.030,N.36
Kelantan,SE-09,P.030,N.37
Kelantan,SE-09,P.031,N.38
Kelantan,SE-09,P.031,N.39
Kelantan,SE-09,P.031,N.40
Kelantan,SE-09,P.032,N.41
Kelantan,SE-09,P.032,N.42
Kelantan,SE-09,P.032,N.43
Kelantan,SE-10,P.019,N.01
Kelantan,SE-10,P.019,N.02
Kelantan,SE-10,P.019,N.03
Kelantan,SE-10,P.020,N.04
Kelantan,SE-10,P.020,N.05
Kelantan,SE-10,P.020,N.06
Kelantan,SE-10,P.021,N.07
Kelantan,SE-10,P.021,N.08
Kelantan,SE-10,P.021,N.09
Kelantan,SE-10,P.022,N.10
Kelantan,SE-10,P.022,N.11
Kelantan,SE-10,P.022,N.12
Kelantan,SE-10,P.023,N.13
Kelantan,SE-10,P.023,N.14
Kelantan,SE-10,P.023,N.15
Kelantan,SE-10,P.024,N.16
Kelantan,SE-10,P.024,N.17
Kelantan,SE-10,P.024,N.18
Kelantan,SE-10,P.025,N.19
Kelantan,SE-10,P.025,N.20
Kelantan,SE-10,P.025,N.21
Kelantan,SE-10,P.026,N.22
Kelantan,SE-10,P.026,N.23
Kelantan,SE-10,P.026,N.24
Kelantan,SE-10,P.027,N.25
Kelantan,SE-10,P.027,N.26
Kelantan,SE-10,P.027,N.27
Kelantan,SE-10,P.028,N.28
Kelantan,SE-10,P.028,N.29
Kelantan,SE-10,P.028,N.30
Kelantan,SE-10,P.028,N.31
Kelantan,SE-10,P.029,N.32
Kelantan,SE-10,P.029,N.33
Kelantan,SE-10,P.029,N.34
Kelantan,SE-10,P.030,N.35
Kelantan,SE-10,P.030,N.36
Kelantan,SE-10,P.030,N.37
Kelantan,SE-10,P.031,N.38
Kelantan,SE-10,P.031,N.39
Kelantan,SE-10,P.031,N.40
Kelantan,SE-10,P.032,N.41
Kelantan,SE-10,P.032,N.42
Kelantan,SE-10,P.032,N.43
Kelantan,SE-11,P.019,N.01
Kelantan,SE-11,P.019,N.02
Kelantan,SE-11,P.019,N.03
Kelantan,SE-11,P.019,N.04
Kelantan,SE-11,P.020,N.05
Kelantan,SE-11,P.020,N.06
Kelantan,SE-11,P.020,N.07
Kelantan,SE-11,P.021,N.08
Kelantan,SE-11,P.021,N.09
Kelantan,SE-11,P.021,N.10
Kelantan,SE-11,P.022,N.11
Kelantan,SE-11,P.022,N.12
Kelantan,SE-11,P.022,N.13
Kelantan,SE-11,P.023,N.14
Kelantan,SE-11,P.023,N.15
Kelantan,SE-11,P.023,N.16
Kelantan,SE-11,P.024,N.17
Kelantan,SE-11,P.024,N.18
Kelantan,SE-11,P.024,N.19
Kelantan,SE-11,P.025,N.20
Kelantan,SE-11,P.025,N.21
Kelantan,SE-11,P.025,N.22
Kelantan,SE-11,P.026,N.23
Kelantan,SE-11,P.026,N.24
Kelantan,SE-11,P.026,N.25
Kelantan,SE-11,P.027,N.26
Kelantan,SE-11,P.027,N.27
Kelantan,SE-11,P.027,N.28
Kelantan,SE-11,P.028,N.29
Kelantan,SE-11,P.028,N.30
Kelantan,SE-11,P.028,N.31
Kelantan,SE-11,P.028,N.32
Kelantan,SE-11,P.029,N.33
Kelantan,SE-11,P.029,N.34
Kelantan,SE-11,P.029,N.35
Kelantan,SE-11,P.030,N.36
Kelantan,SE-11,P.030,N.37
Kelantan,SE-11,P.030,N.38
Kelantan,SE-11,P.031,N.39
Kelantan,SE-11,P.031,N.40
Kelantan,SE-11,P.031,N.41
Kelantan,SE-11,P.031,N.42
Kelantan,SE-11,P.032,N.43
Kelantan,SE-11,P.032,N.44
Kelantan,SE-11,P.032,N.45
Kelantan,SE-12,P.019,N.01
Kelantan,SE-12,P.019,N.02
Kelantan,SE-12,P.019,N.03
Kelantan,SE-12,P.019,N.04
Kelantan,SE-12,P.020,N.05
Kelantan,SE-12,P.020,N.06
Kelantan,SE-12,P.020,N.07
Kelantan,SE-12,P.021,N.08
Kelantan,SE-12,P.021,N.09
Kelantan,SE-12,P.021,N.10
Kelantan,SE-12,P.022,N.11
Kelantan,SE-12,P.022,N.12
Kelantan,SE-12,P.022,N.13
Kelantan,SE-12,P.023,N.14
Kelantan,SE-12,P.023,N.15
Kelantan,SE-12,P.023,N.16
Kelantan,SE-12,P.024,N.17
Kelantan,SE-12,P.024,N.18
Kelantan,SE-12,P.024,N.19
Kelantan,SE-12,P.025,N.20
Kelantan,SE-12,P.025,N.21
Kelantan,SE-12,P.025,N.22
Kelantan,SE-12,P.026,N.23
Kelantan,SE-12,P.026,N.24
Kelantan,SE-12,P.026,N.25
Kelantan,SE-12,P.027,N.26
Kelantan,SE-12,P.027,N.27
Kelantan,SE-12,P.027,N.28
Kelantan,SE-12,P.028,N.29
Kelantan,SE-12,P.028,N.30
Kelantan,SE-12,P.028,N.31
Kelantan,SE-12,P.028,N.32
Kelantan,SE-12,P.029,N.33
Kelantan,SE-12,P.029,N.34
Kelantan,SE-12,P.029,N.35
Kelantan,SE-12,P.030,N.36
Kelantan,SE-12,P.030,N.37
Kelantan,SE-12,P.030,N.38
Kelantan,SE-12,P.031,N.39
Kelantan,SE-12,P.031,N.40
Kelantan,SE-12,P.031,N.41
Kelantan,SE-12,P.031,N.42
Kelantan,SE-12,P.032,N.43
Kelantan,SE-12,P.032,N.44
Kelantan,SE-12,P.032,N.45
Kelantan,SE-13,P.019,N.01
Kelantan,SE-13,P.019,N.02
Kelantan,SE-13,P.019,N.03
Kelantan,SE-13,P.019,N.04
Kelantan,SE-13,P.020,N.05
Kelantan,SE-13,P.020,N.06
Kelantan,SE-13,P.020,N.07
Kelantan,SE-13,P.021,N.08
Kelantan,SE-13,P.021,N.09
Kelantan,SE-13,P.021,N.10
Kelantan,SE-13,P.022,N.11
Kelantan,SE-13,P.022,N.12
Kelantan,SE-13,P.022,N.13
Kelantan,SE-13,P.023,N.14
Kelantan,SE-13,P.023,N.15
Kelantan,SE-13,P.023,N.16
Kelantan,SE-13,P.024,N.17
Kelantan,SE-13,P.024,N.18
Kelantan,SE-13,P.024,N.19
Kelantan,SE-13,P.025,N.20
Kelantan,SE-13,P.025,N.21
Kelantan,SE-13,P.025,N.22
Kelantan,SE-13,P.026,N.23
Kelantan,SE-13,P.026,N.24
Kelantan,SE-13,P.026,N.25
Kelantan,SE-13,P.027,N.26
Kelantan,SE-13,P.027,N.27
Kelantan,SE-13,P.027,N.28
Kelantan,SE-13,P.028,N.29
Kelantan,SE-13,P.028,N.30
Kelantan,SE-13,P.028,N.31
Kelantan,SE-13,P.028,N.32
Kelantan,SE-13,P.029,N.33
Kelantan,SE-13,P.029,N.34
Kelantan,SE-13,P.029,N.35
Kelantan,SE-13,P.030,N.36
Kelantan,SE-13,P.030,N.37
Kelantan,SE-13,P.030,N.38
Kelantan,SE-13,P.031,N.39
Kelantan,SE-13,P.031,N.40
Kelantan,SE-13,P.031,N.41
Kelantan,SE-13,P.031,N.42
Kelantan,SE-13,P.032,N.43
Kelantan,SE-13,P.032,N.44
Kelantan,SE-13,P.032,N.45
Kelantan,SE-14,P.019,N.01
Kelantan,SE-14,P.019,N.02
Kelantan,SE-14,P.019,N.03
Kelantan,SE-14,P.019,N.04
Kelantan,SE-14,P.020,N.05
Kelantan,SE-14,P.020,N.06
Kelantan,SE-14,P.020,N.07
Kelantan,SE-14,P.021,N.08
Kelantan,SE-14,P.021,N.09
Kelantan,SE-14,P.021,N.10
Kelantan,SE-14,P.022,N.11
Kelantan,SE-14,P.022,N.12
Kelantan,SE-14,P.022,N.13
Kelantan,SE-14,P.023,N.14
Kelantan,SE-14,P.023,N.15
Kelantan,SE-14,P.023,N.16
Kelantan,SE-14,P.024,N.17
Kelantan,SE-14,P.024,N.18
Kelantan,SE-14,P.024,N.19
Kelantan,SE-14,P.025,N.20
Kelantan,SE-14,P.025,N.21
Kelantan,SE-14,P.025,N.22
Kelantan,SE-14,P.026,N.23
Kelantan,SE-14,P.026,N.24
Kelantan,SE-14,P.026,N.25
Kelantan,SE-14,P.027,N.26
Kelantan,SE-14,P.027,N.27
Kelantan,SE-14,P.027,N.28
Kelantan,SE-14,P.028,N.29
Kelantan,SE-14,P.028,N.30
Kelantan,SE-14,P.028,N.31
Kelantan,SE-14,P.028,N.32
Kelantan,SE-14,P.029,N.33
Kelantan,SE-14,P.029,N.34
Kelantan,SE-14,P.029,N.35
Kelantan,SE-14,P.030,N.36
Kelantan,SE-14,P.030,N.37
Kelantan,SE-14,P.030,N.38
Kelantan,SE-14,P.031,N.39
Kelantan,SE-14,P.031,N.40
Kelantan,SE-14,P.031,N.41
Kelantan,SE-14,P.031,N.42
Kelantan,SE-14,P.032,N.43
Kelantan,SE-14,P.032,N.44
Kelantan,SE-14,P.032,N.45
Kelantan,SE-15,P.019,N.01
Kelantan,SE-15,P.019,N.02
Kelantan,SE-15,P.019,N.03
Kelantan,SE-15,P.019,N.04
Kelantan,SE-15,P.020,N.05
Kelantan,SE-15,P.020,N.06
Kelantan,SE-15,P.020,N.07
Kelantan,SE-15,P.021,N.08
Kelantan,SE-15,P.021,N.09
Kelantan,SE-15,P.021,N.10
Kelantan,SE-15,P.022,N.11
Kelantan,SE-15,P.022,N.12
Kelantan,SE-15,P.022,N.13
Kelantan,SE-15,P.023,N.14
Kelantan,SE-15,P.023,N.15
Kelantan,SE-15,P.023,N.16
Kelantan,SE-15,P.024,N.17
Kelantan,SE-15,P.024,N.18
Kelantan,SE-15,P.024,N.19
Kelantan,SE-15,P.025,N.20
Kelantan,SE-15,P.025,N.21
Kelantan,SE-15,P.025,N.22
Kelantan,SE-15,P.026,N.23
Kelantan,SE-15,P.026,N.24
Kelantan,SE-15,P.026,N.25
Kelantan,SE-15,P.027,N.26
Kelantan,SE-15,P.027,N.27
Kelantan,SE-15,P.027,N.28
Kelantan,SE-15,P.028,N.29
Kelantan,SE-15,P.028,N.30
Kelantan,SE-15,P.028,N.31
Kelantan,SE-15,P.028,N.32
Kelantan,SE-15,P.029,N.33
Kelantan,SE-15,P.029,N.34
Kelantan,SE-15,P.029,N.35
Kelantan,SE-15,P.030,N.36
Kelantan,SE-15,P.030,N.37
Kelantan,SE-15,P.030,N.38
Kelantan,SE-15,P.031,N.39
Kelantan,SE-15,P.031,N.40
Kelantan,SE-15,P.031,N.41
Kelantan,SE-15,P.031,N.42
Kelantan,SE-15,P.032,N.43
Kelantan,SE-15,P.032,N.44
Kelantan,SE-15,P.032,N.45
Melaka,SE-01,P.085,N.01
Melaka,SE-01,P.085,N.02
Melaka,SE-01,P.085,N.03
Melaka,SE-01,P.085,N.04
Melaka,SE-01,P.085,N.05
Melaka,SE-01,P.086,N.06
Melaka,SE-01,P.086,N.07
Melaka,SE-01,P.086,N.08
Melaka,SE-01,P.086,N.09
Melaka,SE-01,P.086,N.10
Melaka,SE-01,P.087,N.11
Melaka,SE-01,P.087,N.12
Melaka,SE-01,P.087,N.13
Melaka,SE-01,P.087,N.14
Melaka,SE-01,P.087,N.15
Melaka,SE-01,P.088,N.16
Melaka,SE-01,P.088,N.17
Melaka,SE-01,P.088,N.18
Melaka,SE-01,P.088,N.19
Melaka,SE-01,P.088,N.20
Melaka,SE-02,P.085,N.01
Melaka,SE-02,P.085,N.02
Melaka,SE-02,P.085,N.03
Melaka,SE-02,P.085,N.04
Melaka,SE-02,P.085,N.05
Melaka,SE-02,P.086,N.06
Melaka,SE-02,P.086,N.07
Melaka,SE-02,P.086,N.08
Melaka,SE-02,P.086,N.09
Melaka,SE-02,P.086,N.10
Melaka,SE-02,P.087,N.11
Melaka,SE-02,P.087,N.12
Melaka,SE-02,P.087,N.13
Melaka,SE-02,P.087,N.14
Melaka,SE-02,P.087,N.15
Melaka,SE-02,P.088,N.16
Melaka,SE-02,P.088,N.17
Melaka,SE-02,P.088,N.18
Melaka,SE-02,P.088,N.19
Melaka,SE-02,P.088,N.20
Melaka,SE-03,P.085,N.01
Melaka,SE-03,P.085,N.02
Melaka,SE-03,P.085,N.03
Melaka,SE-03,P.085,N.04
Melaka,SE-03,P.085,N.05
Melaka,SE-03,P.086,N.06
Melaka,SE-03,P.086,N.07
Melaka,SE-03,P.086,N.08
Melaka,SE-03,P.086,N.09
Melaka,SE-03,P.086,N.10
Melaka,SE-03,P.087,N.11
Melaka,SE-03,P.087,N.12
Melaka,SE-03,P.087,N.13
Melaka,SE-03,P.087,N.14
Melaka,SE-03,P.087,N.15
Melaka,SE-03,P.088,N.16
Melaka,SE-03,P.088,N.17
Melaka,SE-03,P.088,N.18
Melaka,SE-03,P.088,N.19
Melaka,SE-03,P.088,N.20
Melaka,SE-04,P.095,N.01
Melaka,SE-04,P.095,N.02
Melaka,SE-04,P.095,N.03
Melaka,SE-04,P.095,N.04
Melaka,SE-04,P.095,N.05
Melaka,SE-04,P.096,N.06
Melaka,SE-04,P.096,N.07
Melaka,SE-04,P.096,N.08
Melaka,SE-04,P.096,N.09
Melaka,SE-04,P.096,N.10
Melaka,SE-04,P.097,N.11
Melaka,SE-04,P.097,N.12
Melaka,SE-04,P.097,N.13
Melaka,SE-04,P.097,N.14
Melaka,SE-04,P.097,N.15
Melaka,SE-04,P.098,N.16
Melaka,SE-04,P.098,N.17
Melaka,SE-04,P.098,N.18
Melaka,SE-04,P.098,N.19
Melaka,SE-04,P.098,N.20
Melaka,SE-05,P.095,N.01
Melaka,SE-05,P.095,N.02
Melaka,SE-05,P.095,N.03
Melaka,SE-05,P.095,N.04
Melaka,SE-05,P.095,N.05
Melaka,SE-05,P.096,N.06
Melaka,SE-05,P.096,N.07
Melaka,SE-05,P.096,N.08
Melaka,SE-05,P.096,N.09
Melaka,SE-05,P.096,N.10
Melaka,SE-05,P.097,N.11
Melaka,SE-05,P.097,N.12
Melaka,SE-05,P.097,N.13
Melaka,SE-05,P.097,N.14
Melaka,SE-05,P.097,N.15
Melaka,SE-05,P.098,N.16
Melaka,SE-05,P.098,N.17
Melaka,SE-05,P.098,N.18
Melaka,SE-05,P.098,N.19
Melaka,SE-05,P.098,N.20
Melaka,SE-06,P.095,N.01
Melaka,SE-06,P.095,N.02
Melaka,SE-06,P.095,N.03
Melaka,SE-06,P.095,N.04
Melaka,SE-06,P.095,N.05
Melaka,SE-06,P.096,N.06
Melaka,SE-06,P.096,N.07
Melaka,SE-06,P.096,N.08
Melaka,SE-06,P.096,N.09
Melaka,SE-06,P.096,N.10
Melaka,SE-06,P.097,N.11
Melaka,SE-06,P.097,N.12
Melaka,SE-06,P.097,N.13
Melaka,SE-06,P.097,N.14
Melaka,SE-06,P.097,N.15
Melaka,SE-06,P.098,N.16
Melaka,SE-06,P.098,N.17
Melaka,SE-06,P.098,N.18
Melaka,SE-06,P.098,N.19
Melaka,SE-06,P.098,N.20
Melaka,SE-07,P.110,N.01
Melaka,SE-07,P.110,N.02
Melaka,SE-07,P.110,N.03
Melaka,SE-07,P.110,N.04
Melaka,SE-07,P.111,N.05
Melaka,SE-07,P.111,N.06
Melaka,SE-07,P.111,N.07
Melaka,SE-07,P.111,N.08
Melaka,SE-07,P.112,N.09
Melaka,SE-07,P.112,N.10
Melaka,SE-07,P.112,N.11
Melaka,SE-07,P.112,N.12
Melaka,SE-07,P.113,N.13
Melaka,SE-07,P.113,N.14
Melaka,SE-07,P.113,N.15
Melaka,SE-07,P.113,N.16
Melaka,SE-07,P.114,N.17
Melaka,SE-07,P.114,N.18
Melaka,SE-07,P.114,N.19
Melaka,SE-07,P.114,N.20
Melaka,SE-08,P.110,N.01
Melaka,SE-08,P.110,N.02
Melaka,SE-08,P.110,N.03
Melaka,SE-08,P.110,N.04
Melaka,SE-08,P.111,N.05
Melaka,SE-08,P.111,N.06
Melaka,SE-08,P.111,N.07
Melaka,SE-08,P.111,N.08
Melaka,SE-08,P.112,N.09
Melaka,SE-08,P.112,N.10
Melaka,SE-08,P.112,N.11
Melaka,SE-08,P.112,N.12
Melaka,SE-08,P.113,N.13
Melaka,SE-08,P.113,N.14
Melaka,SE-08,P.113,N.15
Melaka,SE-08,P.113,N.16
Melaka,SE-08,P.114,N.17
Melaka,SE-08,P.114,N.18
Melaka,SE-08,P.114,N.19
Melaka,SE-08,P.114,N.20
Melaka,SE-09,P.120,N.01
Melaka,SE-09,P.120,N.02
Melaka,SE-09,P.120,N.03
Melaka,SE-09,P.120,N.04
Melaka,SE-09,P.120,N.05
Melaka,SE-09,P.121,N.06
Melaka,SE-09,P.121,N.07
Melaka,SE-09,P.121,N.08
Melaka,SE-09,P.121,N.09
Melaka,SE-09,P.121,N.10
Melaka,SE-09,P.122,N.11
Melaka,SE-09,P.122,N.12
Melaka,SE-09,P.122,N.13
Melaka,SE-09,P.122,N.14
Melaka,SE-09,P.122,N.15
Melaka,SE-09,P.123,N.16
Melaka,SE-09,P.123,N.17
Melaka,SE-09,P.123,N.18
Melaka,SE-09,P.123,N.19
Melaka,SE-09,P.123,N.20
Melaka,SE-09,P.124,N.21
Melaka,SE-09,P.124,N.22
Melaka,SE-09,P.124,N.23
Melaka,SE-09,P.124,N.24
Melaka,SE-09,P.124,N.25
Melaka,SE-10,P.120,N.01
Melaka,SE-10,P.120,N.02
Melaka,SE-10,P.120,N.03
Melaka,SE-10,P.120,N.04
Melaka,SE-10,P.120,N.05
Melaka,SE-10,P.121,N.06
Melaka,SE-10,P.121,N.07
Melaka,SE-10,P.121,N.08
Melaka,SE-10,P.121,N.09
Melaka,SE-10,P.121,N.10
Melaka,SE-10,P.122,N.11
Melaka,SE-10,P.122,N.12
Melaka,SE-10,P.122,N.13
Melaka,SE-10,P.122,N.14
Melaka,SE-10,P.122,N.15
Melaka,SE-10,P.123,N.16
Melaka,SE-10,P.123,N.17
Melaka,SE-10,P.123,N.18
Melaka,SE-10,P.123,N.19
Melaka,SE-10,P.123,N.20
Melaka,SE-10,P.124,N.21
Melaka,SE-10,P.124,N.22
Melaka,SE-10,P.124,N.23
Melaka,SE-10,P.124,N.24
Melaka,SE-10,P.124,N.25
Melaka,SE-11,P.134,N.01
Melaka,SE-11,P.134,N.02
Melaka,SE-11,P.134,N.03
Melaka,SE-11,P.134,N.04
Melaka,SE-11,P.134,N.05
Melaka,SE-11,P.135,N.06
Melaka,SE-11,P.135,N.07
Melaka,SE-11,P.135,N.08
Melaka,SE-11,P.135,N.09
Melaka,SE-11,P.135,N.10
Melaka,SE-11,P.136,N.11
Melaka,SE-11,P.136,N.12
Melaka,SE-11,P.136,N.13
Melaka,SE-11,P.136,N.14
Melaka,SE-11,P.137,N.15
Melaka,SE-11,P.137,N.16
Melaka,SE-11,P.137,N.17
Melaka,SE-11,P.137,N.18
Melaka,SE-11,P.138,N.19
Melaka,SE-11,P.138,N.20
Melaka,SE-11,P.138,N.21
Melaka,SE-11,P.138,N.22
Melaka,SE-11,P.138,N.23
Melaka,SE-11,P.139,N.24
Melaka,SE-11,P.139,N.25
Melaka,SE-11,P.139,N.26
Melaka,SE-11,P.139,N.27
Melaka,SE-11,P.139,N.28
Melaka,SE-12,P.134,N.01
Melaka,SE-12,P.134,N.02
Melaka,SE-12,P.134,N.03
Melaka,SE-12,P.134,N.04
Melaka,SE-12,P.134,N.05
Melaka,SE-12,P.135,N.06
Melaka,SE-12,P.135,N.07
Melaka,SE-12,P.135,N.08
Melaka,SE-12,P.135,N.09
Melaka,SE-12,P.135,N.10
Melaka,SE-12,P.136,N.11
Melaka,SE-12,P.136,N.12
Melaka,SE-12,P.136,N.13
Melaka,SE-12,P.136,N.14
Melaka,SE-12,P.137,N.15
Melaka,SE-12,P.137,N.16
Melaka,SE-12,P.137,N.17
Melaka,SE-12,P.137,N.18
Melaka,SE-12,P.138,N.19
Melaka,SE-12,P.138,N.20
Melaka,SE-12,P.138,N.21
Melaka,SE-12,P.138,N.22
Melaka,SE-12,P.138,N.23
Melaka,SE-12,P.139,N.24
Melaka,SE-12,P.139,N.25
Melaka,SE-12,P.139,N.26
Melaka,SE-12,P.139,N.27
Melaka,SE-12,P.139,N.28
Melaka,SE-13,P.134,N.01
Melaka,SE-13,P.134,N.02
Melaka,SE-13,P.134,N.03
Melaka,SE-13,P.134,N.04
Melaka,SE-13,P.134,N.05
Melaka,SE-13,P.135,N.06
Melaka,SE-13,P.135,N.07
Melaka,SE-13,P.135,N.08
Melaka,SE-13,P.135,N.09
Melaka,SE-13,P.135,N.10
Melaka,SE-13,P.136,N.11
Melaka,SE-13,P.136,N.12
Melaka,SE-13,P.136,N.13
Melaka,SE-13,P.136,N.14
Melaka,SE-13,P.137,N.15
Melaka,SE-13,P.137,N.16
Melaka,SE-13,P.137,N.17
Melaka,SE-13,P.137,N.18
Melaka,SE-13,P.138,N.19
Melaka,SE-13,P.138,N.20
Melaka,SE-13,P.138,N.21
Melaka,SE-13,P.138,N.22
Melaka,SE-13,P.138,N.23
Melaka,SE-13,P.139,N.24
Melaka,SE-13,P.139,N.25
Melaka,SE-13,P.139,N.26
Melaka,SE-13,P.139,N.27
Melaka,SE-13,P.139,N.28
Melaka,SE-14,P.134,N.01
Melaka,SE-14,P.134,N.02
Melaka,SE-14,P.134,N.03
Melaka,SE-14,P.134,N.04
Melaka,SE-14,P.134,N.05
Melaka,SE-14,P.135,N.06
Melaka,SE-14,P.135,N.07
Melaka,SE-14,P.135,N.08
Melaka,SE-14,P.135,N.09
Melaka,SE-14,P.135,N.10
Melaka,SE-14,P.136,N.11
Melaka,SE-14,P.136,N.12
Melaka,SE-14,P.136,N.13
Melaka,SE-14,P.136,N.14
Melaka,SE-14,P.137,N.15
Melaka,SE-14,P.137,N.16
Melaka,SE-14,P.137,N.17
Melaka,SE-14,P.137,N.18
Melaka,SE-14,P.138,N.19
Melaka,SE-14,P.138,N.20
Melaka,SE-14,P.138,N.21
Melaka,SE-14,P.138,N.22
Melaka,SE-14,P.138,N.23
Melaka,SE-14,P.139,N.24
Melaka,SE-14,P.139,N.25
Melaka,SE-14,P.139,N.26
Melaka,SE-14,P.139,N.27
Melaka,SE-14,P.139,N.28
Melaka,SE-15,P.134,N.01
Melaka,SE-15,P.134,N.02
Melaka,SE-15,P.134,N.03
Melaka,SE-15,P.134,N.04
Melaka,SE-15,P.134,N.05
Melaka,SE-15,P.135,N.06
Melaka,SE-15,P.135,N.07
Melaka,SE-15,P.135,N.08
Melaka,SE-15,P.135,N.09
Melaka,SE-15,P.135,N.10
Melaka,SE-15,P.136,N.11
Melaka,SE-15,P.136,N.12
Melaka,SE-15,P.136,N.13
Melaka,SE-15,P.136,N.14
Melaka,SE-15,P.137,N.15
Melaka,SE-15,P.137,N.16
Melaka,SE-15,P.137,N.17
Melaka,SE-15,P.137,N.18
Melaka,SE-15,P.138,N.19
Melaka,SE-15,P.138,N.20
Melaka,SE-15,P.138,N.21
Melaka,SE-15,P.138,N.22
Melaka,SE-15,P.138,N.23
Melaka,SE-15,P.139,N.24
Melaka,SE-15,P.139,N.25
Melaka,SE-15,P.139,N.26
Melaka,SE-15,P.139,N.27
Melaka,SE-15,P.139,N.28
Negeri Sembilan,SE-01,P.079,N.01
Negeri Sembilan,SE-01,P.079,N.02
Negeri Sembilan,SE-01,P.079,N.03
Negeri Sembilan,SE-01,P.079,N.04
Negeri Sembilan,SE-01,P.080,N.05
Negeri Sembilan,SE-01,P.080,N.06
Negeri Sembilan,SE-01,P.080,N.07
Negeri Sembilan,SE-01,P.081,N.08
Negeri Sembilan,SE-01,P.081,N.09
Negeri Sembilan,SE-01,P.081,N.10
Negeri Sembilan,SE-01,P.081,N.11
Negeri Sembilan,SE-01,P.082,N.12
Negeri Sembilan,SE-01,P.082,N.13
Negeri Sembilan,SE-01,P.082,N.14
Negeri Sembilan,SE-01,P.082,N.15
Negeri Sembilan,SE-01,P.082,N.16
Negeri Sembilan,SE-01,P.083,N.17
Negeri Sembilan,SE-01,P.083,N.18
Negeri Sembilan,SE-01,P.083,N.19
Negeri Sembilan,SE-01,P.083,N.20
Negeri Sembilan,SE-01,P.083,N.21
Negeri Sembilan,SE-01,P.084,N.22
Negeri Sembilan,SE-01,P.084,N.23
Negeri Sembilan,SE-01,P.084,N.24
Negeri Sembilan,SE-02,P.079,N.01
Negeri Sembilan,SE-02,P.079,N.02
Negeri Sembilan,SE-02,P.079,N.03
Negeri Sembilan,SE-02,P.079,N.04
Negeri Sembilan,SE-02,P.080,N.05
Negeri Sembilan,SE-02,P.080,N.06
Negeri Sembilan,SE-02,P.080,N.07
Negeri Sembilan,SE-02,P.081,N.08
Negeri Sembilan,SE-02,P.081,N.09
Negeri Sembilan,SE-02,P.081,N.10
Negeri Sembilan,SE-02,P.081,N.11
Negeri Sembilan,SE-02,P.082,N.12
Negeri Sembilan,SE-02,P.082,N.13
Negeri Sembilan,SE-02,P.082,N.14
Negeri Sembilan,SE-02,P.082,N.15
Negeri Sembilan,SE-02,P.082,N.16
Negeri Sembilan,SE-02,P.083,N.17
Negeri Sembilan,SE-02,P.083,N.18
Negeri Sembilan,SE-02,P.083,N.19
Negeri Sembilan,SE-02,P.083,N.20
Negeri Sembilan,SE-02,P.083,N.21
Negeri Sembilan,SE-02,P.084,N.22
Negeri Sembilan,SE-02,P.084,N.23
Negeri Sembilan,SE-02,P.084,N.24
Negeri Sembilan,SE-03,P.079,N.01
Negeri Sembilan,SE-03,P.079,N.02
Negeri Sembilan,SE-03,P.079,N.03
Negeri Sembilan,SE-03,P.079,N.04
Negeri Sembilan,SE-03,P.080,N.05
Negeri Sembilan,SE-03,P.080,N.06
Negeri Sembilan,SE-03,P.080,N.07
Negeri Sembilan,SE-03,P.081,N.08
Negeri Sembilan,SE-03,P.081,N.09
Negeri Sembilan,SE-03,P.081,N.10
Negeri Sembilan,SE-03,P.081,N.11
Negeri Sembilan,SE-03,P.082,N.12
Negeri Sembilan,SE-03,P.082,N.13
Negeri Sembilan,SE-03,P.082,N.14
Negeri Sembilan,SE-03,P.082,N.15
Negeri Sembilan,SE-03,P.082,N.16
Negeri Sembilan,SE-03,P.083,N.17
Negeri Sembilan,SE-03,P.083,N.18
Negeri Sembilan,SE-03,P.083,N.19
Negeri Sembilan,SE-03,P.083,N.20
Negeri Sembilan,SE-03,P.083,N.21
Negeri Sembilan,SE-03,P.084,N.22
Negeri Sembilan,SE-03,P.084,N.23
Negeri Sembilan,SE-03,P.084,N.24
Negeri Sembilan,SE-04,P.089,N.01
Negeri Sembilan,SE-04,P.089,N.02
Negeri Sembilan,SE-04,P.089,N.03
Negeri Sembilan,SE-04,P.089,N.04
Negeri Sembilan,SE-04,P.090,N.05
Negeri Sembilan,SE-04,P.090,N.06
Negeri Sembilan,SE-04,P.090,N.07
Negeri Sembilan,SE-04,P.090,N.08
Negeri Sembilan,SE-04,P.091,N.09
Negeri Sembilan,SE-04,P.091,N.10
Negeri Sembilan,SE-04,P.091,N.11
Negeri Sembilan,SE-04,P.091,N.12
Negeri Sembilan,SE-04,P.092,N.13
Negeri Sembilan,SE-04,P.092,N.14
Negeri Sembilan,SE-04,P.092,N.15
Negeri Sembilan,SE-04,P.092,N.16
Negeri Sembilan,SE-04,P.093,N.17
Negeri Sembilan,SE-04,P.093,N.18
Negeri Sembilan,SE-04,P.093,N.19
Negeri Sembilan,SE-04,P.093,N.20
Negeri Sembilan,SE-04,P.094,N.21
Negeri Sembilan,SE-04,P.094,N.22
Negeri Sembilan,SE-04,P.094,N.23
Negeri Sembilan,SE-04,P.094,N.24
Negeri Sembilan,SE-05,P.089,N.01
Negeri Sembilan,SE-05,P.089,N.02
Negeri Sembilan,SE-05,P.089,N.03
Negeri Sembilan,SE-05,P.089,N.04
Negeri Sembilan,SE-05,P.090,N.05
Negeri Sembilan,SE-05,P.090,N.06
Negeri Sembilan,SE-05,P.090,N.07
Negeri Sembilan,SE-05,P.090,N.08
Negeri Sembilan,SE-05,P.091,N.09
Negeri Sembilan,SE-05,P.091,N.10
Negeri Sembilan,SE-05,P.091,N.11
Negeri Sembilan,SE-05,P.091,N.12
Negeri Sembilan,SE-05,P.092,N.13
Negeri Sembilan,SE-05,P.092,N.14
Negeri Sembilan,SE-05,P.092,N.15
Negeri Sembilan,SE-05,P.092,N.16
Negeri Sembilan,SE-05,P.093,N.17
Negeri Sembilan,SE-05,P.093,N.18
Negeri Sembilan,SE-05,P.093,N.19
Negeri Sembilan,SE-05,P.093,N.20
Negeri Sembilan,SE-05,P.094,N.21
Negeri Sembilan,SE-05,P.094,N.22
Negeri Sembilan,SE-05,P.094,N.23
Negeri Sembilan,SE-05,P.094,N.24
Negeri Sembilan,SE-06,P.089,N.01
Negeri Sembilan,SE-06,P.089,N.02
Negeri Sembilan,SE-06,P.089,N.03
Negeri Sembilan,SE-06,P.089,N.04
Negeri Sembilan,SE-06,P.090,N.05
Negeri Sembilan,SE-06,P.090,N.06
Negeri Sembilan,SE-06,P.090,N.07
Negeri Sembilan,SE-06,P.090,N.08
Negeri Sembilan,SE-06,P.091,N.09
Negeri Sembilan,SE-06,P.091,N.10
Negeri Sembilan,SE-06,P.091,N.11
Negeri Sembilan,SE-06,P.091,N.12
Negeri Sembilan,SE-06,P.092,N.13
Negeri Sembilan,SE-06,P.092,N.14
Negeri Sembilan,SE-06,P.092,N.15
Negeri Sembilan,SE-06,P.092,N.16
Negeri Sembilan,SE-06,P.093,N.17
Negeri Sembilan,SE-06,P.093,N.18
Negeri Sembilan,SE-06,P.093,N.19
Negeri Sembilan,SE-06,P.093,N.20
Negeri Sembilan,SE-06,P.094,N.21
Negeri Sembilan,SE-06,P.094,N.22
Negeri Sembilan,SE-06,P.094,N.23
Negeri Sembilan,SE-06,P.094,N.24
Negeri Sembilan,SE-07,P.103,N.01
Negeri Sembilan,SE-07,P.103,N.02
Negeri Sembilan,SE-07,P.103,N.03
Negeri Sembilan,SE-07,P.103,N.04
Negeri Sembilan,SE-07,P.104,N.05
Negeri Sembilan,SE-07,P.104,N.06
Negeri Sembilan,SE-07,P.104,N.07
Negeri Sembilan,SE-07,P.104,N.08
Negeri Sembilan,SE-07,P.105,N.09
Negeri Sembilan,SE-07,P.105,N.10
Negeri Sembilan,SE-07,P.105,N.11
Negeri Sembilan,SE-07,P.105,N.12
Negeri Sembilan,SE-07,P.106,N.13
Negeri Sembilan,SE-07,P.106,N.14
Negeri Sembilan,SE-07,P.106,N.15
Negeri Sembilan,SE-07,P.106,N.16
Negeri Sembilan,SE-07,P.107,N.17
Negeri Sembilan,SE-07,P.107,N.18
Negeri Sembilan,SE-07,P.107,N.19
Negeri Sembilan,SE-07,P.107,N.20
Negeri Sembilan,SE-07,P.108,N.21
Negeri Sembilan,SE-07,P.108,N.22
Negeri Sembilan,SE-07,P.108,N.23
Negeri Sembilan,SE-07,P.108,N.24
Negeri Sembilan,SE-07,P.109,N.25
Negeri Sembilan,SE-07,P.109,N.26
Negeri Sembilan,SE-07,P.109,N.27
Negeri Sembilan,SE-07,P.109,N.28
Negeri Sembilan,SE-08,P.103,N.01
Negeri Sembilan,SE-08,P.103,N.02
Negeri Sembilan,SE-08,P.103,N.03
Negeri Sembilan,SE-08,P.103,N.04
Negeri Sembilan,SE-08,P.104,N.05
Negeri Sembilan,SE-08,P.104,N.06
Negeri Sembilan,SE-08,P.104,N.07
Negeri Sembilan,SE-08,P.104,N.08
Negeri Sembilan,SE-08,P.105,N.09
Negeri Sembilan,SE-08,P.105,N.10
Negeri Sembilan,SE-08,P.105,N.11
Negeri Sembilan,SE-08,P.105,N.12
Negeri Sembilan,SE-08,P.106,N.13
Negeri Sembilan,SE-08,P.106,N.14
Negeri Sembilan,SE-08,P.106,N.15
Negeri Sembilan,SE-08,P.106,N.16
Negeri Sembilan,SE-08,P.107,N.17
Negeri Sembilan,SE-08,P.107,N.18
Negeri Sembilan,SE-08,P.107,N.19
Negeri Sembilan,SE-08,P.107,N.20
Negeri Sembilan,SE-08,P.108,N.21
Negeri Sembilan,SE-08,P.108,N.22
Negeri Sembilan,SE-08,P.108,N.23
Negeri Sembilan,SE-08,P.108,N.24
Negeri Sembilan,SE-08,P.109,N.25
Negeri Sembilan,SE-08,P.109,N.26
Negeri Sembilan,SE-08,P.109,N.27
Negeri Sembilan,SE-08,P.109,N.28
Negeri Sembilan,SE-09,P.113,N.01
Negeri Sembilan,SE-09,P.113,N.02
Negeri Sembilan,SE-09,P.113,N.03
Negeri Sembilan,SE-09,P.113,N.04
Negeri Sembilan,SE-09,P.114,N.05
Negeri Sembilan,SE-09,P.114,N.06
Negeri Sembilan,SE-09,P.114,N.07
Negeri Sembilan,SE-09,P.114,N.08
Negeri Sembilan,SE-09,P.115,N.09
Negeri Sembilan,SE-09,P.115,N.10
Negeri Sembilan,SE-09,P.115,N.11
Negeri Sembilan,SE-09,P.115,N.12
Negeri Sembilan,SE-09,P.116,N.13
Negeri Sembilan,SE-09,P.116,N.14
Negeri Sembilan,SE-09,P.116,N.15
Negeri Sembilan,SE-09,P.116,N.16
Negeri Sembilan,SE-09,P.116,N.17
Negeri Sembilan,SE-09,P.117,N.18
Negeri Sembilan,SE-09,P.117,N.19
Negeri Sembilan,SE-09,P.117,N.20
Negeri Sembilan,SE-09,P.117,N.21
Negeri Sembilan,SE-09,P.117,N.22
Negeri Sembilan,SE-09,P.118,N.23
Negeri Sembilan,SE-09,P.118,N.24
Negeri Sembilan,SE-09,P.118,N.25
Negeri Sembilan,SE-09,P.118,N.26
Negeri Sembilan,SE-09,P.118,N.27
Negeri Sembilan,SE-09,P.119,N.28
Negeri Sembilan,SE-09,P.119,N.29
Negeri Sembilan,SE-09,P.119,N.30
Negeri Sembilan,SE-09,P.119,N.31
Negeri Sembilan,SE-09,P.119,N.32
Negeri Sembilan,SE-10,P.113,N.01
Negeri Sembilan,SE-10,P.113,N.02
Negeri Sembilan,SE-10,P.113,N.03
Negeri Sembilan,SE-10,P.113,N.04
Negeri Sembilan,SE-10,P.114,N.05
Negeri Sembilan,SE-10,P.114,N.06
Negeri Sembilan,SE-10,P.114,N.07
Negeri Sembilan,SE-10,P.114,N.08
Negeri Sembilan,SE-10,P.115,N.09
Negeri Sembilan,SE-10,P.115,N.10
Negeri Sembilan,SE-10,P.115,N.11
Negeri Sembilan,SE-10,P.115,N.12
Negeri Sembilan,SE-10,P.116,N.13
Negeri Sembilan,SE-10,P.116,N.14
Negeri Sembilan,SE-10,P.116,N.15
Negeri Sembilan,SE-10,P.116,N.16
Negeri Sembilan,SE-10,P.116,N.17
Negeri Sembilan,SE-10,P.117,N.18
Negeri Sembilan,SE-10,P.117,N.19
Negeri Sembilan,SE-10,P.117,N.20
Negeri Sembilan,SE-10,P.117,N.21
Negeri Sembilan,SE-10,P.117,N.22
Negeri Sembilan,SE-10,P.118,N.23
Negeri Sembilan,SE-10,P.118,N.24
Negeri Sembilan,SE-10,P.118,N.25
Negeri Sembilan,SE-10,P.118,N.26
Negeri Sembilan,SE-10,P.118,N.27
Negeri Sembilan,SE-10,P.119,N.28
Negeri Sembilan,SE-10,P.119,N.29
Negeri Sembilan,SE-10,P.119,N.30
Negeri Sembilan,SE-10,P.119,N.31
Negeri Sembilan,SE-10,P.119,N.32
Negeri Sembilan,SE-11,P.126,N.01
Negeri Sembilan,SE-11,P.126,N.02
Negeri Sembilan,SE-11,P.126,N.03
Negeri Sembilan,SE-11,P.126,N.04
Negeri Sembilan,SE-11,P.127,N.05
Negeri Sembilan,SE-11,P.127,N.06
Negeri Sembilan,SE-11,P.127,N.07
Negeri Sembilan,SE-11,P.127,N.08
Negeri Sembilan,SE-11,P.128,N.09
Negeri Sembilan,SE-11,P.128,N.10
Negeri Sembilan,SE-11,P.128,N.11
Negeri Sembilan,SE-11,P.128,N.12
Negeri Sembilan,SE-11,P.128,N.13
Negeri Sembilan,SE-11,P.128,N.14
Negeri Sembilan,SE-11,P.129,N.15
Negeri Sembilan,SE-11,P.129,N.16
Negeri Sembilan,SE-11,P.129,N.17
Negeri Sembilan,SE-11,P.129,N.18
Negeri Sembilan,SE-11,P.129,N.19
Negeri Sembilan,SE-11,P.130,N.20
Negeri Sembilan,SE-11,P.130,N.21
Negeri Sembilan,SE-11,P.130,N.22
Negeri Sembilan,SE-11,P.130,N.23
Negeri Sembilan,SE-11,P.130,N.24
Negeri Sembilan,SE-11,P.131,N.25
Negeri Sembilan,SE-11,P.131,N.26
Negeri Sembilan,SE-11,P.131,N.27
Negeri Sembilan,SE-11,P.131,N.28
Negeri Sembilan,SE-11,P.132,N.29
Negeri Sembilan,SE-11,P.132,N.30
Negeri Sembilan,SE-11,P.132,N.31
Negeri Sembilan,SE-11,P.132,N.32
Negeri Sembilan,SE-11,P.132,N.33
Negeri Sembilan,SE-11,P.133,N.34
Negeri Sembilan,SE-11,P.133,N.35
Negeri Sembilan,SE-11,P.133,N.36
Negeri Sembilan,SE-12,P.126,N.01
Negeri Sembilan,SE-12,P.126,N.02
Negeri Sembilan,SE-12,P.126,N.03
Negeri Sembilan,SE-12,P.126,N.04
Negeri Sembilan,SE-12,P.127,N.05
Negeri Sembilan,SE-12,P.127,N.06
Negeri Sembilan,SE-12,P.127,N.07
Negeri Sembilan,SE-12,P.127,N.08
Negeri Sembilan,SE-12,P.128,N.09
Negeri Sembilan,SE-12,P.128,N.10
Negeri Sembilan,SE-12,P.128,N.11
Negeri Sembilan,SE-12,P.128,N.12
Negeri Sembilan,SE-12,P.128,N.13
Negeri Sembilan,SE-12,P.128,N.14
Negeri Sembilan,SE-12,P.129,N.15
Negeri Sembilan,SE-12,P.129,N.16
Negeri Sembilan,SE-12,P.129,N.17
Negeri Sembilan,SE-12,P.129,N.18
Negeri Sembilan,SE-12,P.129,N.19
Negeri Sembilan,SE-12,P.130,N.20
Negeri Sembilan,SE-12,P.130,N.21
Negeri Sembilan,SE-12,P.130,N.22
Negeri Sembilan,SE-12,P.130,N.23
Negeri Sembilan,SE-12,P.130,N.24
Negeri Sembilan,SE-12,P.131,N.25
Negeri Sembilan,SE-12,P.131,N.26
Negeri Sembilan,SE-12,P.131,N.27
Negeri Sembilan,SE-12,P.131,N.28
Negeri Sembilan,SE-12,P.132,N.29
Negeri Sembilan,SE-12,P.132,N.30
Negeri Sembilan,SE-12,P.132,N.31
Negeri Sembilan,SE-12,P.132,N.32
Negeri Sembilan,SE-12,P.132,N.33
Negeri Sembilan,SE-12,P.133,N.34
Negeri Sembilan,SE-12,P.133,N.35
Negeri Sembilan,SE-12,P.133,N.36
Negeri Sembilan,SE-13,P.126,N.01
Negeri Sembilan,SE-13,P.126,N.02
Negeri Sembilan,SE-13,P.126,N.03
Negeri Sembilan,SE-13,P.126,N.04
Negeri Sembilan,SE-13,P.127,N.05
Negeri Sembilan,SE-13,P.127,N.06
Negeri Sembilan,SE-13,P.127,N.07
Negeri Sembilan,SE-13,P.127,N.08
Negeri Sembilan,SE-13,P.128,N.09
Negeri Sembilan,SE-13,P.128,N.10
Negeri Sembilan,SE-13,P.128,N.11
Negeri Sembilan,SE-13,P.128,N.12
Negeri Sembilan,SE-13,P.128,N.13
Negeri Sembilan,SE-13,P.128,N.14
Negeri Sembilan,SE-13,P.129,N.15
Negeri Sembilan,SE-13,P.129,N.16
Negeri Sembilan,SE-13,P.129,N.17
Negeri Sembilan,SE-13,P.129,N.18
Negeri Sembilan,SE-13,P.129,N.19
Negeri Sembilan,SE-13,P.130,N.20
Negeri Sembilan,SE-13,P.130,N.21
Negeri Sembilan,SE-13,P.130,N.22
Negeri Sembilan,SE-13,P.130,N.23
Negeri Sembilan,SE-13,P.130,N.24
Negeri Sembilan,SE-13,P.131,N.25
Negeri Sembilan,SE-13,P.131,N.26
Negeri Sembilan,SE-13,P.131,N.27
Negeri Sembilan,SE-13,P.131,N.28
Negeri Sembilan,SE-13,P.132,N.29
Negeri Sembilan,SE-13,P.132,N.30
Negeri Sembilan,SE-13,P.132,N.31
Negeri Sembilan,SE-13,P.132,N.32
Negeri Sembilan,SE-13,P.132,N.33
Negeri Sembilan,SE-13,P.133,N.34
Negeri Sembilan,SE-13,P.133,N.35
Negeri Sembilan,SE-13,P.133,N.36
Negeri Sembilan,SE-14,P.126,N.01
Negeri Sembilan,SE-14,P.126,N.02
Negeri Sembilan,SE-14,P.126,N.03
Negeri Sembilan,SE-14,P.126,N.04
Negeri Sembilan,SE-14,P.127,N.05
Negeri Sembilan,SE-14,P.127,N.06
Negeri Sembilan,SE-14,P.127,N.07
Negeri Sembilan,SE-14,P.127,N.08
Negeri Sembilan,SE-14,P.128,N.09
Negeri Sembilan,SE-14,P.128,N.10
Negeri Sembilan,SE-14,P.128,N.11
Negeri Sembilan,SE-14,P.128,N.12
Negeri Sembilan,SE-14,P.128,N.13
Negeri Sembilan,SE-14,P.128,N.14
Negeri Sembilan,SE-14,P.129,N.15
Negeri Sembilan,SE-14,P.129,N.16
Negeri Sembilan,SE-14,P.129,N.17
Negeri Sembilan,SE-14,P.129,N.18
Negeri Sembilan,SE-14,P.129,N.19
Negeri Sembilan,SE-14,P.130,N.20
Negeri Sembilan,SE-14,P.130,N.21
Negeri Sembilan,SE-14,P.130,N.22
Negeri Sembilan,SE-14,P.130,N.23
Negeri Sembilan,SE-14,P.130,N.24
Negeri Sembilan,SE-14,P.131,N.25
Negeri Sembilan,SE-14,P.131,N.26
Negeri Sembilan,SE-14,P.131,N.27
Negeri Sembilan,SE-14,P.131,N.28
Negeri Sembilan,SE-14,P.132,N.29
Negeri Sembilan,SE-14,P.132,N.30
Negeri Sembilan,SE-14,P.132,N.31
Negeri Sembilan,SE-14,P.132,N.32
Negeri Sembilan,SE-14,P.132,N.33
Negeri Sembilan,SE-14,P.133,N.34
Negeri Sembilan,SE-14,P.133,N.35
Negeri Sembilan,SE-14,P.133,N.36
Negeri Sembilan,SE-15,P.126,N.01
Negeri Sembilan,SE-15,P.126,N.02
Negeri Sembilan,SE-15,P.126,N.03
Negeri Sembilan,SE-15,P.126,N.04
Negeri Sembilan,SE-15,P.127,N.05
Negeri Sembilan,SE-15,P.127,N.06
Negeri Sembilan,SE-15,P.127,N.07
Negeri Sembilan,SE-15,P.127,N.08
Negeri Sembilan,SE-15,P.128,N.09
Negeri Sembilan,SE-15,P.128,N.10
Negeri Sembilan,SE-15,P.128,N.11
Negeri Sembilan,SE-15,P.128,N.12
Negeri Sembilan,SE-15,P.128,N.13
Negeri Sembilan,SE-15,P.128,N.14
Negeri Sembilan,SE-15,P.129,N.15
Negeri Sembilan,SE-15,P.129,N.16
Negeri Sembilan,SE-15,P.129,N.17
Negeri Sembilan,SE-15,P.129,N.18
Negeri Sembilan,SE-15,P.129,N.19
Negeri Sembilan,SE-15,P.130,N.20
Negeri Sembilan,SE-15,P.130,N.21
Negeri Sembilan,SE-15,P.130,N.22
Negeri Sembilan,SE-15,P.130,N.23
Negeri Sembilan,SE-15,P.130,N.24
Negeri Sembilan,SE-15,P.131,N.25
Negeri Sembilan,SE-15,P.131,N.26
Negeri Sembilan,SE-15,P.131,N.27
Negeri Sembilan,SE-15,P.131,N.28
Negeri Sembilan,SE-15,P.132,N.29
Negeri Sembilan,SE-15,P.132,N.30
Negeri Sembilan,SE-15,P.132,N.31
Negeri Sembilan,SE-15,P.132,N.32
Negeri Sembilan,SE-15,P.132,N.33
Negeri Sembilan,SE-15,P.133,N.34
Negeri Sembilan,SE-15,P.133,N.35
Negeri Sembilan,SE-15,P.133,N.36
Pahang,SE-01,P.059,N.01
Pahang,SE-01,P.059,N.02
Pahang,SE-01,P.059,N.03
Pahang,SE-01,P.059,N.04
Pahang,SE-01,P.060,N.05
Pahang,SE-01,P.060,N.06
Pahang,SE-01,P.060,N.07
Pahang,SE-01,P.060,N.08
Pahang,SE-01,P.061,N.09
Pahang,SE-01,P.061,N.10
Pahang,SE-01,P.061,N.11
Pahang,SE-01,P.061,N.12
Pahang,SE-01,P.062,N.13
Pahang,SE-01,P.062,N.14
Pahang,SE-01,P.062,N.15
Pahang,SE-01,P.063,N.16
Pahang,SE-01,P.063,N.17
Pahang,SE-01,P.063,N.18
Pahang,SE-01,P.063,N.19
Pahang,SE-01,P.063,N.20
Pahang,SE-01,P.064,N.21
Pahang,SE-01,P.064,N.22
Pahang,SE-01,P.064,N.23
Pahang,SE-01,P.064,N.24
Pahang,SE-02,P.059,N.01
Pahang,SE-02,P.059,N.02
Pahang,SE-02,P.059,N.03
Pahang,SE-02,P.059,N.04
Pahang,SE-02,P.060,N.05
Pahang,SE-02,P.060,N.06
Pahang,SE-02,P.060,N.07
Pahang,SE-02,P.060,N.08
Pahang,SE-02,P.061,N.09
Pahang,SE-02,P.061,N.10
Pahang,SE-02,P.061,N.11
Pahang,SE-02,P.061,N.12
Pahang,SE-02,P.062,N.13
Pahang,SE-02,P.062,N.14
Pahang,SE-02,P.062,N.15
Pahang,SE-02,P.063,N.16
Pahang,SE-02,P.063,N.17
Pahang,SE-02,P.063,N.18
Pahang,SE-02,P.063,N.19
Pahang,SE-02,P.063,N.20
Pahang,SE-02,P.064,N.21
Pahang,SE-02,P.064,N.22
Pahang,SE-02,P.064,N.23
Pahang,SE-02,P.064,N.24
Pahang,SE-03,P.059,N.01
Pahang,SE-03,P.059,N.02
Pahang,SE-03,P.059,N.03
Pahang,SE-03,P.059,N.04
Pahang,SE-03,P.060,N.05
Pahang,SE-03,P.060,N.06
Pahang,SE-03,P.060,N.07
Pahang,SE-03,P.060,N.08
Pahang,SE-03,P.061,N.09
Pahang,SE-03,P.061,N.10
Pahang,SE-03,P.061,N.11
Pahang,SE-03,P.061,N.12
Pahang,SE-03,P.062,N.13
Pahang,SE-03,P.062,N.14
Pahang,SE-03,P.062,N.15
Pahang,SE-03,P.063,N.16
Pahang,SE-03,P.063,N.17
Pahang,SE-03,P.063,N.18
Pahang,SE-03,P.063,N.19
Pahang,SE-03,P.063,N.20
Pahang,SE-03,P.064,N.21
Pahang,SE-03,P.064,N.22
Pahang,SE-03,P.064,N.23
Pahang,SE-03,P.064,N.24
Pahang,SE-04,P.065,N.01
Pahang,SE-04,P.065,N.02
Pahang,SE-04,P.065,N.03
Pahang,SE-04,P.065,N.04
Pahang,SE-04,P.065,N.05
Pahang,SE-04,P.066,N.06
Pahang,SE-04,P.066,N.07
Pahang,SE-04,P.066,N.08
Pahang,SE-04,P.066,N.09
Pahang,SE-04,P.066,N.10
Pahang,SE-04,P.067,N.11
Pahang,SE-04,P.067,N.12
Pahang,SE-04,P.067,N.13
Pahang,SE-04,P.068,N.14
Pahang,SE-04,P.068,N.15
Pahang,SE-04,P.068,N.16
Pahang,SE-04,P.069,N.17
Pahang,SE-04,P.069,N.18
Pahang,SE-04,P.069,N.19
Pahang,SE-04,P.069,N.20
Pahang,SE-04,P.070,N.21
Pahang,SE-04,P.070,N.22
Pahang,SE-04,P.070,N.23
Pahang,SE-04,P.071,N.24
Pahang,SE-04,P.071,N.25
Pahang,SE-04,P.071,N.26
Pahang,SE-04,P.071,N.27
Pahang,SE-04,P.071,N.28
Pahang,SE-04,P.072,N.29
Pahang,SE-04,P.072,N.30
Pahang,SE-04,P.072,N.31
Pahang,SE-04,P.072,N.32
Pahang,SE-05,P.065,N.01
Pahang,SE-05,P.065,N.02
Pahang,SE-05,P.065,N.03
Pahang,SE-05,P.065,N.04
Pahang,SE-05,P.065,N.05
Pahang,SE-05,P.066,N.06
Pahang,SE-05,P.066,N.07
Pahang,SE-05,P.066,N.08
Pahang,SE-05,P.066,N.09
Pahang,SE-05,P.066,N.10
Pahang,SE-05,P.067,N.11
Pahang,SE-05,P.067,N.12
Pahang,SE-05,P.067,N.13
Pahang,SE-05,P.068,N.14
Pahang,SE-05,P.068,N.15
Pahang,SE-05,P.068,N.16
Pahang,SE-05,P.069,N.17
Pahang,SE-05,P.069,N.18
Pahang,SE-05,P.069,N.19
Pahang,SE-05,P.069,N.20
Pahang,SE-05,P.070,N.21
Pahang,SE-05,P.070,N.22
Pahang,SE-05,P.070,N.23
Pahang,SE-05,P.071,N.24
Pahang,SE-05,P.071,N.25
Pahang,SE-05,P.071,N.26
Pahang,SE-05,P.071,N.27
Pahang,SE-05,P.071,N.28
Pahang,SE-05,P.072,N.29
Pahang,SE-05,P.072,N.30
Pahang,SE-05,P.072,N.31
Pahang,SE-05,P.072,N.32
Pahang,SE-06,P.065,N.01
Pahang,SE-06,P.065,N.02
Pahang,SE-06,P.065,N.03
Pahang,SE-06,P.065,N.04
Pahang,SE-06,P.065,N.05
Pahang,SE-06,P.066,N.06
Pahang,SE-06,P.066,N.07
Pahang,SE-06,P.066,N.08
Pahang,SE-06,P.066,N.09
Pahang,SE-06,P.066,N.10
Pahang,SE-06,P.067,N.11
Pahang,SE-06,P.067,N.12
Pahang,SE-06,P.067,N.13
Pahang,SE-06,P.068,N.14
Pahang,SE-06,P.068,N.15
Pahang,SE-06,P.068,N.16
Pahang,SE-06,P.069,N.17
Pahang,SE-06,P.069,N.18
Pahang,SE-06,P.069,N.19
Pahang,SE-06,P.069,N.20
Pahang,SE-06,P.070,N.21
Pahang,SE-06,P.070,N.22
Pahang,SE-06,P.070,N.23
Pahang,SE-06,P.071,N.24
Pahang,SE-06,P.071,N.25
Pahang,SE-06,P.071,N.26
Pahang,SE-06,P.071,N.27
Pahang,SE-06,P.071,N.28
Pahang,SE-06,P.072,N.29
Pahang,SE-06,P.072,N.30
Pahang,SE-06,P.072,N.31
Pahang,SE-06,P.072,N.32
Pahang,SE-07,P.072,N.01
Pahang,SE-07,P.072,N.02
Pahang,SE-07,P.072,N.03
Pahang,SE-07,P.072,N.04
Pahang,SE-07,P.073,N.05
Pahang,SE-07,P.073,N.06
Pahang,SE-07,P.073,N.07
Pahang,SE-07,P.073,N.08
Pahang,SE-07,P.074,N.09
Pahang,SE-07,P.074,N.10
Pahang,SE-07,P.074,N.11
Pahang,SE-07,P.075,N.12
Pahang,SE-07,P.075,N.13
Pahang,SE-07,P.075,N.14
Pahang,SE-07,P.076,N.15
Pahang,SE-07,P.076,N.16
Pahang,SE-07,P.076,N.17
Pahang,SE-07,P.077,N.18
Pahang,SE-07,P.077,N.19
Pahang,SE-07,P.077,N.20
Pahang,SE-07,P.077,N.21
Pahang,SE-07,P.078,N.22
Pahang,SE-07,P.078,N.23
Pahang,SE-07,P.078,N.24
Pahang,SE-07,P.079,N.25
Pahang,SE-07,P.079,N.26
Pahang,SE-07,P.079,N.27
Pahang,SE-07,P.080,N.28
Pahang,SE-07,P.080,N.29
Pahang,SE-07,P.080,N.30
Pahang,SE-07,P.081,N.31
Pahang,SE-07,P.081,N.32
Pahang,SE-07,P.081,N.33
Pahang,SE-08,P.072,N.01
Pahang,SE-08,P.072,N.02
Pahang,SE-08,P.072,N.03
Pahang,SE-08,P.072,N.04
Pahang,SE-08,P.073,N.05
Pahang,SE-08,P.073,N.06
Pahang,SE-08,P.073,N.07
Pahang,SE-08,P.073,N.08
Pahang,SE-08,P.074,N.09
Pahang,SE-08,P.074,N.10
Pahang,SE-08,P.074,N.11
Pahang,SE-08,P.075,N.12
Pahang,SE-08,P.075,N.13
Pahang,SE-08,P.075,N.14
Pahang,SE-08,P.076,N.15
Pahang,SE-08,P.076,N.16
Pahang,SE-08,P.076,N.17
Pahang,SE-08,P.077,N.18
Pahang,SE-08,P.077,N.19
Pahang,SE-08,P.077,N.20
Pahang,SE-08,P.077,N.21
Pahang,SE-08,P.078,N.22
Pahang,SE-08,P.078,N.23
Pahang,SE-08,P.078,N.24
Pahang,SE-08,P.079,N.25
Pahang,SE-08,P.079,N.26
Pahang,SE-08,P.079,N.27
Pahang,SE-08,P.080,N.28
Pahang,SE-08,P.080,N.29
Pahang,SE-08,P.080,N.30
Pahang,SE-08,P.081,N.31
Pahang,SE-08,P.081,N.32
Pahang,SE-08,P.081,N.33
Pahang,SE-09,P.075,N.01
Pahang,SE-09,P.075,N.02
Pahang,SE-09,P.075,N.03
Pahang,SE-09,P.075,N.04
Pahang,SE-09,P.076,N.05
Pahang,SE-09,P.076,N.06
Pahang,SE-09,P.076,N.07
Pahang,SE-09,P.076,N.08
Pahang,SE-09,P.077,N.09
Pahang,SE-09,P.077,N.10
Pahang,SE-09,P.077,N.11
Pahang,SE-09,P.078,N.12
Pahang,SE-09,P.078,N.13
Pahang,SE-09,P.078,N.14
Pahang,SE-09,P.079,N.15
Pahang,SE-09,P.079,N.16
Pahang,SE-09,P.079,N.17
Pahang,SE-09,P.080,N.18
Pahang,SE-09,P.080,N.19
Pahang,SE-09,P.080,N.20
Pahang,SE-09,P.081,N.21
Pahang,SE-09,P.081,N.22
Pahang,SE-09,P.081,N.23
Pahang,SE-09,P.081,N.24
Pahang,SE-09,P.082,N.25
Pahang,SE-09,P.082,N.26
Pahang,SE-09,P.082,N.27
Pahang,SE-09,P.083,N.28
Pahang,SE-09,P.083,N.29
Pahang,SE-09,P.083,N.30
Pahang,SE-09,P.083,N.31
Pahang,SE-09,P.084,N.32
Pahang,SE-09,P.084,N.33
Pahang,SE-09,P.084,N.34
Pahang,SE-09,P.084,N.35
Pahang,SE-09,P.085,N.36
Pahang,SE-09,P.085,N.37
Pahang,SE-09,P.085,N.38
Pahang,SE-10,P.075,N.01
Pahang,SE-10,P.075,N.02
Pahang,SE-10,P.075,N.03
Pahang,SE-10,P.075,N.04
Pahang,SE-10,P.076,N.05
Pahang,SE-10,P.076,N.06
Pahang,SE-10,P.076,N.07
Pahang,SE-10,P.076,N.08
Pahang,SE-10,P.077,N.09
Pahang,SE-10,P.077,N.10
Pahang,SE-10,P.077,N.11
Pahang,SE-10,P.078,N.12
Pahang,SE-10,P.078,N.13
Pahang,SE-10,P.078,N.14
Pahang,SE-10,P.079,N.15
Pahang,SE-10,P.079,N.16
Pahang,SE-10,P.079,N.17
Pahang,SE-10,P.080,N.18
Pahang,SE-10,P.080,N.19
Pahang,SE-10,P.080,N.20
Pahang,SE-10,P.081,N.21
Pahang,SE-10,P.081,N.22
Pahang,SE-10,P.081,N.23
Pahang,SE-10,P.081,N.24
Pahang,SE-10,P.082,N.25
Pahang,SE-10,P.082,N.26
Pahang,SE-10,P.082,N.27
Pahang,SE-10,P.083,N.28
Pahang,SE-10,P.083,N.29
Pahang,SE-10,P.083,N.30
Pahang,SE-10,P.083,N.31
Pahang,SE-10,P.084,N.32
Pahang,SE-10,P.084,N.33
Pahang,SE-10,P.084,N.34
Pahang,SE-10,P.084,N.35
Pahang,SE-10,P.085,N.36
Pahang,SE-10,P.085,N.37
Pahang,SE-10,P.085,N.38
Pahang,SE-11,P.078,N.01
Pahang,SE-11,P.078,N.02
Pahang,SE-11,P.079,N.03
Pahang,SE-11,P.079,N.04
Pahang,SE-11,P.079,N.05
Pahang,SE-11,P.080,N.06
Pahang,SE-11,P.080,N.07
Pahang,SE-11,P.080,N.08
Pahang,SE-11,P.081,N.09
Pahang,SE-11,P.081,N.10
Pahang,SE-11,P.081,N.11
Pahang,SE-11,P.082,N.12
Pahang,SE-11,P.082,N.13
Pahang,SE-11,P.083,N.14
Pahang,SE-11,P.083,N.15
Pahang,SE-11,P.083,N.16
Pahang,SE-11,P.084,N.17
Pahang,SE-11,P.084,N.18
Pahang,SE-11,P.084,N.19
Pahang,SE-11,P.085,N.20
Pahang,SE-11,P.085,N.21
Pahang,SE-11,P.085,N.22
Pahang,SE-11,P.085,N.23
Pahang,SE-11,P.086,N.24
Pahang,SE-11,P.086,N.25
Pahang,SE-11,P.086,N.26
Pahang,SE-11,P.087,N.27
Pahang,SE-11,P.087,N.28
Pahang,SE-11,P.087,N.29
Pahang,SE-11,P.088,N.30
Pahang,SE-11,P.088,N.31
Pahang,SE-11,P.088,N.32
Pahang,SE-11,P.089,N.33
Pahang,SE-11,P.089,N.34
Pahang,SE-11,P.089,N.35
Pahang,SE-11,P.089,N.36
Pahang,SE-11,P.090,N.37
Pahang,SE-11,P.090,N.38
Pahang,SE-11,P.090,N.39
Pahang,SE-11,P.091,N.40
Pahang,SE-11,P.091,N.41
Pahang,SE-11,P.091,N.42
Pahang,SE-12,P.078,N.01
Pahang,SE-12,P.078,N.02
Pahang,SE-12,P.079,N.03
Pahang,SE-12,P.079,N.04
Pahang,SE-12,P.079,N.05
Pahang,SE-12,P.080,N.06
Pahang,SE-12,P.080,N.07
Pahang,SE-12,P.080,N.08
Pahang,SE-12,P.081,N.09
Pahang,SE-12,P.081,N.10
Pahang,SE-12,P.081,N.11
Pahang,SE-12,P.082,N.12
Pahang,SE-12,P.082,N.13
Pahang,SE-12,P.083,N.14
Pahang,SE-12,P.083,N.15
Pahang,SE-12,P.083,N.16
Pahang,SE-12,P.084,N.17
Pahang,SE-12,P.084,N.18
Pahang,SE-12,P.084,N.19
Pahang,SE-12,P.085,N.20
Pahang,SE-12,P.085,N.21
Pahang,SE-12,P.085,N.22
Pahang,SE-12,P.085,N.23
Pahang,SE-12,P.086,N.24
Pahang,SE-12,P.086,N.25
Pahang,SE-12,P.086,N.26
Pahang,SE-12,P.087,N.27
Pahang,SE-12,P.087,N.28
Pahang,SE-12,P.087,N.29
Pahang,SE-12,P.088,N.30
Pahang,SE-12,P.088,N.31
Pahang,SE-12,P.088,N.32
Pahang,SE-12,P.089,N.33
Pahang,SE-12,P.089,N.34
Pahang,SE-12,P.089,N.35
Pahang,SE-12,P.089,N.36
Pahang,SE-12,P.090,N.37
Pahang,SE-12,P.090,N.38
Pahang,SE-12,P.090,N.39
Pahang,SE-12,P.091,N.40
Pahang,SE-12,P.091,N.41
Pahang,SE-12,P.091,N.42
Pahang,SE-13,P.078,N.01
Pahang,SE-13,P.078,N.02
Pahang,SE-13,P.079,N.03
Pahang,SE-13,P.079,N.04
Pahang,SE-13,P.079,N.05
Pahang,SE-13,P.080,N.06
Pahang,SE-13,P.080,N.07
Pahang,SE-13,P.080,N.08
Pahang,SE-13,P.081,N.09
Pahang,SE-13,P.081,N.10
Pahang,SE-13,P.081,N.11
Pahang,SE-13,P.082,N.12
Pahang,SE-13,P.082,N.13
Pahang,SE-13,P.083,N.14
Pahang,SE-13,P.083,N.15
Pahang,SE-13,P.083,N.16
Pahang,SE-13,P.084,N.17
Pahang,SE-13,P.084,N.18
Pahang,SE-13,P.084,N.19
Pahang,SE-13,P.085,N.20
Pahang,SE-13,P.085,N.21
Pahang,SE-13,P.085,N.22
Pahang,SE-13,P.085,N.23
Pahang,SE-13,P.086,N.24
Pahang,SE-13,P.086,N.25
Pahang,SE-13,P.086,N.26
Pahang,SE-13,P.087,N.27
Pahang,SE-13,P.087,N.28
Pahang,SE-13,P.087,N.29
Pahang,SE-13,P.088,N.30
Pahang,SE-13,P.088,N.31
Pahang,SE-13,P.088,N.32
Pahang,SE-13,P.089,N.33
Pahang,SE-13,P.089,N.34
Pahang,SE-13,P.089,N.35
Pahang,SE-13,P.089,N.36
Pahang,SE-13,P.090,N.37
Pahang,SE-13,P.090,N.38
Pahang,SE-13,P.090,N.39
Pahang,SE-13,P.091,N.40
Pahang,SE-13,P.091,N.41
Pahang,SE-13,P.091,N.42
Pahang,SE-14,P.078,N.01
Pahang,SE-14,P.078,N.02
Pahang,SE-14,P.079,N.03
Pahang,SE-14,P.079,N.04
Pahang,SE-14,P.079,N.05
Pahang,SE-14,P.080,N.06
Pahang,SE-14,P.080,N.07
Pahang,SE-14,P.080,N.08
Pahang,SE-14,P.081,N.09
Pahang,SE-14,P.081,N.10
Pahang,SE-14,P.081,N.11
Pahang,SE-14,P.082,N.12
Pahang,SE-14,P.082,N.13
Pahang,SE-14,P.083,N.14
Pahang,SE-14,P.083,N.15
Pahang,SE-14,P.083,N.16
Pahang,SE-14,P.084,N.17
Pahang,SE-14,P.084,N.18
Pahang,SE-14,P.084,N.19
Pahang,SE-14,P.085,N.20
Pahang,SE-14,P.085,N.21
Pahang,SE-14,P.085,N.22
Pahang,SE-14,P.085,N.23
Pahang,SE-14,P.086,N.24
Pahang,SE-14,P.086,N.25
Pahang,SE-14,P.086,N.26
Pahang,SE-14,P.087,N.27
Pahang,SE-14,P.087,N.28
Pahang,SE-14,P.087,N.29
Pahang,SE-14,P.088,N.30
Pahang,SE-14,P.088,N.31
Pahang,SE-14,P.088,N.32
Pahang,SE-14,P.089,N.33
Pahang,SE-14,P.089,N.34
Pahang,SE-14,P.089,N.35
Pahang,SE-14,P.089,N.36
Pahang,SE-14,P.090,N.37
Pahang,SE-14,P.090,N.38
Pahang,SE-14,P.090,N.39
Pahang,SE-14,P.091,N.40
Pahang,SE-14,P.091,N.41
Pahang,SE-14,P.091,N.42
Pahang,SE-15,P.078,N.01
Pahang,SE-15,P.078,N.02
Pahang,SE-15,P.079,N.03
Pahang,SE-15,P.079,N.04
Pahang,SE-15,P.079,N.05
Pahang,SE-15,P.080,N.06
Pahang,SE-15,P.080,N.07
Pahang,SE-15,P.080,N.08
Pahang,SE-15,P.081,N.09
Pahang,SE-15,P.081,N.10
Pahang,SE-15,P.081,N.11
Pahang,SE-15,P.082,N.12
Pahang,SE-15,P.082,N.13
Pahang,SE-15,P.083,N.14
Pahang,SE-15,P.083,N.15
Pahang,SE-15,P.083,N.16
Pahang,SE-15,P.084,N.17
Pahang,SE-15,P.084,N.18
Pahang,SE-15,P.084,N.19
Pahang,SE-15,P.085,N.20
Pahang,SE-15,P.085,N.21
Pahang,SE-15,P.085,N.22
Pahang,SE-15,P.085,N.23
Pahang,SE-15,P.086,N.24
Pahang,SE-15,P.086,N.25
Pahang,SE-15,P.086,N.26
Pahang,SE-15,P.087,N.27
Pahang,SE-15,P.087,N.28
Pahang,SE-15,P.087,N.29
Pahang,SE-15,P.088,N.30
Pahang,SE-15,P.088,N.31
Pahang,SE-15,P.088,N.32
Pahang,SE-15,P.089,N.33
Pahang,SE-15,P.089,N.34
Pahang,SE-15,P.089,N.35
Pahang,SE-15,P.089,N.36
Pahang,SE-15,P.090,N.37
Pahang,SE-15,P.090,N.38
Pahang,SE-15,P.090,N.39
Pahang,SE-15,P.091,N.40
Pahang,SE-15,P.091,N.41
Pahang,SE-15,P.091,N.42
Perak,SE-01,P.039,N.01
Perak,SE-01,P.039,N.02
Perak,SE-01,P.040,N.03
Perak,SE-01,P.040,N.04
Perak,SE-01,P.041,N.05
Perak,SE-01,P.041,N.06
Perak,SE-01,P.042,N.07
Perak,SE-01,P.042,N.08
Perak,SE-01,P.043,N.09
Perak,SE-01,P.043,N.10
Perak,SE-01,P.044,N.11
Perak,SE-01,P.044,N.12
Perak,SE-01,P.045,N.13
Perak,SE-01,P.045,N.14
Perak,SE-01,P.046,N.15
Perak,SE-01,P.046,N.16
Perak,SE-01,P.047,N.17
Perak,SE-01,P.047,N.18
Perak,SE-01,P.048,N.19
Perak,SE-01,P.048,N.20
Perak,SE-01,P.049,N.21
Perak,SE-01,P.049,N.22
Perak,SE-01,P.050,N.23
Perak,SE-01,P.050,N.24
Perak,SE-01,P.051,N.25
Perak,SE-01,P.051,N.26
Perak,SE-01,P.052,N.27
Perak,SE-01,P.052,N.28
Perak,SE-01,P.053,N.29
Perak,SE-01,P.053,N.30
Perak,SE-01,P.054,N.31
Perak,SE-01,P.054,N.32
Perak,SE-01,P.055,N.33
Perak,SE-01,P.055,N.34
Perak,SE-01,P.056,N.35
Perak,SE-01,P.056,N.36
Perak,SE-01,P.057,N.37
Perak,SE-01,P.057,N.38
Perak,SE-01,P.058,N.39
Perak,SE-01,P.058,N.40
Perak,SE-02,P.039,N.01
Perak,SE-02,P.039,N.02
Perak,SE-02,P.040,N.03
Perak,SE-02,P.040,N.04
Perak,SE-02,P.041,N.05
Perak,SE-02,P.041,N.06
Perak,SE-02,P.042,N.07
Perak,SE-02,P.042,N.08
Perak,SE-02,P.043,N.09
Perak,SE-02,P.043,N.10
Perak,SE-02,P.044,N.11
Perak,SE-02,P.044,N.12
Perak,SE-02,P.045,N.13
Perak,SE-02,P.045,N.14
Perak,SE-02,P.046,N.15
Perak,SE-02,P.046,N.16
Perak,SE-02,P.047,N.17
Perak,SE-02,P.047,N.18
Perak,SE-02,P.048,N.19
Perak,SE-02,P.048,N.20
Perak,SE-02,P.049,N.21
Perak,SE-02,P.049,N.22
Perak,SE-02,P.050,N.23
Perak,SE-02,P.050,N.24
Perak,SE-02,P.051,N.25
Perak,SE-02,P.051,N.26
Perak,SE-02,P.052,N.27
Perak,SE-02,P.052,N.28
Perak,SE-02,P.053,N.29
Perak,SE-02,P.053,N.30
Perak,SE-02,P.054,N.31
Perak,SE-02,P.054,N.32
Perak,SE-02,P.055,N.33
Perak,SE-02,P.055,N.34
Perak,SE-02,P.056,N.35
Perak,SE-02,P.056,N.36
Perak,SE-02,P.057,N.37
Perak,SE-02,P.057,N.38
Perak,SE-02,P.058,N.39
Perak,SE-02,P.058,N.40
Perak,SE-03,P.039,N.01
Perak,SE-03,P.039,N.02
Perak,SE-03,P.040,N.03
Perak,SE-03,P.040,N.04
Perak,SE-03,P.041,N.05
Perak,SE-03,P.041,N.06
Perak,SE-03,P.042,N.07
Perak,SE-03,P.042,N.08
Perak,SE-03,P.043,N.09
Perak,SE-03,P.043,N.10
Perak,SE-03,P.044,N.11
Perak,SE-03,P.044,N.12
Perak,SE-03,P.045,N.13
Perak,SE-03,P.045,N.14
Perak,SE-03,P.046,N.15
Perak,SE-03,P.046,N.16
Perak,SE-03,P.047,N.17
Perak,SE-03,P.047,N.18
Perak,SE-03,P.048,N.19
Perak,SE-03,P.048,N.20
Perak,SE-03,P.049,N.21
Perak,SE-03,P.049,N.22
Perak,SE-03,P.050,N.23
Perak,SE-03,P.050,N.24
Perak,SE-03,P.051,N.25
Perak,SE-03,P.051,N.26
Perak,SE-03,P.052,N.27
Perak,SE-03,P.052,N.28
Perak,SE-03,P.053,N.29
Perak,SE-03,P.053,N.30
Perak,SE-03,P.054,N.31
Perak,SE-03,P.054,N.32
Perak,SE-03,P.055,N.33
Perak,SE-03,P.055,N.34
Perak,SE-03,P.056,N.35
Perak,SE-03,P.056,N.36
Perak,SE-03,P.057,N.37
Perak,SE-03,P.057,N.38
Perak,SE-03,P.058,N.39
Perak,SE-03,P.058,N.40
Perak,SE-04,P.044,N.01
Perak,SE-04,P.044,N.02
Perak,SE-04,P.045,N.03
Perak,SE-04,P.045,N.04
Perak,SE-04,P.046,N.05
Perak,SE-04,P.046,N.06
Perak,SE-04,P.047,N.07
Perak,SE-04,P.047,N.08
Perak,SE-04,P.048,N.09
Perak,SE-04,P.048,N.10
Perak,SE-04,P.049,N.11
Perak,SE-04,P.049,N.12
Perak,SE-04,P.050,N.13
Perak,SE-04,P.050,N.14
Perak,SE-04,P.051,N.15
Perak,SE-04,P.051,N.16
Perak,SE-04,P.052,N.17
Perak,SE-04,P.052,N.18
Perak,SE-04,P.053,N.19
Perak,SE-04,P.053,N.20
Perak,SE-04,P.054,N.21
Perak,SE-04,P.054,N.22
Perak,SE-04,P.055,N.23
Perak,SE-04,P.055,N.24
Perak,SE-04,P.056,N.25
Perak,SE-04,P.056,N.26
Perak,SE-04,P.057,N.27
Perak,SE-04,P.057,N.28
Perak,SE-04,P.058,N.29
Perak,SE-04,P.058,N.30
Perak,SE-04,P.059,N.31
Perak,SE-04,P.059,N.32
Perak,SE-04,P.060,N.33
Perak,SE-04,P.060,N.34
Perak,SE-04,P.061,N.35
Perak,SE-04,P.061,N.36
Perak,SE-04,P.062,N.37
Perak,SE-04,P.062,N.38
Perak,SE-04,P.063,N.39
Perak,SE-04,P.063,N.40
Perak,SE-04,P.064,N.41
Perak,SE-04,P.064,N.42
Perak,SE-05,P.044,N.01
Perak,SE-05,P.044,N.02
Perak,SE-05,P.045,N.03
Perak,SE-05,P.045,N.04
Perak,SE-05,P.046,N.05
Perak,SE-05,P.046,N.06
Perak,SE-05,P.047,N.07
Perak,SE-05,P.047,N.08
Perak,SE-05,P.048,N.09
Perak,SE-05,P.048,N.10
Perak,SE-05,P.049,N.11
Perak,SE-05,P.049,N.12
Perak,SE-05,P.050,N.13
Perak,SE-05,P.050,N.14
Perak,SE-05,P.051,N.15
Perak,SE-05,P.051,N.16
Perak,SE-05,P.052,N.17
Perak,SE-05,P.052,N.18
Perak,SE-05,P.053,N.19
Perak,SE-05,P.053,N.20
Perak,SE-05,P.054,N.21
Perak,SE-05,P.054,N.22
Perak,SE-05,P.055,N.23
Perak,SE-05,P.055,N.24
Perak,SE-05,P.056,N.25
Perak,SE-05,P.056,N.26
Perak,SE-05,P.057,N.27
Perak,SE-05,P.057,N.28
Perak,SE-05,P.058,N.29
Perak,SE-05,P.058,N.30
Perak,SE-05,P.059,N.31
Perak,SE-05,P.059,N.32
Perak,SE-05,P.060,N.33
Perak,SE-05,P.060,N.34
Perak,SE-05,P.061,N.35
Perak,SE-05,P.061,N.36
Perak,SE-05,P.062,N.37
Perak,SE-05,P.062,N.38
Perak,SE-05,P.063,N.39
Perak,SE-05,P.063,N.40
Perak,SE-05,P.064,N.41
Perak,SE-05,P.064,N.42
Perak,SE-06,P.044,N.01
Perak,SE-06,P.044,N.02
Perak,SE-06,P.045,N.03
Perak,SE-06,P.045,N.04
Perak,SE-06,P.046,N.05
Perak,SE-06,P.046,N.06
Perak,SE-06,P.047,N.07
Perak,SE-06,P.047,N.08
Perak,SE-06,P.048,N.09
Perak,SE-06,P.048,N.10
Perak,SE-06,P.049,N.11
Perak,SE-06,P.049,N.12
Perak,SE-06,P.050,N.13
Perak,SE-06,P.050,N.14
Perak,SE-06,P.051,N.15
Perak,SE-06,P.051,N.16
Perak,SE-06,P.052,N.17
Perak,SE-06,P.052,N.18
Perak,SE-06,P.053,N.19
Perak,SE-06,P.053,N.20
Perak,SE-06,P.054,N.21
Perak,SE-06,P.054,N.22
Perak,SE-06,P.055,N.23
Perak,SE-06,P.055,N.24
Perak,SE-06,P.056,N.25
Perak,SE-06,P.056,N.26
Perak,SE-06,P.057,N.27
Perak,SE-06,P.057,N.28
Perak,SE-06,P.058,N.29
Perak,SE-06,P.058,N.30
Perak,SE-06,P.059,N.31
Perak,SE-06,P.059,N.32
Perak,SE-06,P.060,N.33
Perak,SE-06,P.060,N.34
Perak,SE-06,P.061,N.35
Perak,SE-06,P.061,N.36
Perak,SE-06,P.062,N.37
Perak,SE-06,P.062,N.38
Perak,SE-06,P.063,N.39
Perak,SE-06,P.063,N.40
Perak,SE-06,P.064,N.41
Perak,SE-06,P.064,N.42
Perak,SE-07,P.049,N.01
Perak,SE-07,P.049,N.02
Perak,SE-07,P.050,N.03
Perak,SE-07,P.050,N.04
Perak,SE-07,P.051,N.05
Perak,SE-07,P.051,N.06
Perak,SE-07,P.052,N.07
Perak,SE-07,P.052,N.08
Perak,SE-07,P.053,N.09
Perak,SE-07,P.053,N.10
Perak,SE-07,P.054,N.11
Perak,SE-07,P.054,N.12
Perak,SE-07,P.055,N.13
Perak,SE-07,P.055,N.14
Perak,SE-07,P.056,N.15
Perak,SE-07,P.056,N.16
Perak,SE-07,P.057,N.17
Perak,SE-07,P.057,N.18
Perak,SE-07,P.058,N.19
Perak,SE-07,P.058,N.20
Perak,SE-07,P.059,N.21
Perak,SE-07,P.059,N.22
Perak,SE-07,P.060,N.23
Perak,SE-07,P.060,N.24
Perak,SE-07,P.061,N.25
Perak,SE-07,P.061,N.26
Perak,SE-07,P.062,N.27
Perak,SE-07,P.062,N.28
Perak,SE-07,P.063,N.29
Perak,SE-07,P.063,N.30
Perak,SE-07,P.064,N.31
Perak,SE-07,P.064,N.32
Perak,SE-07,P.065,N.33
Perak,SE-07,P.065,N.34
Perak,SE-07,P.066,N.35
Perak,SE-07,P.066,N.36
Perak,SE-07,P.067,N.37
Perak,SE-07,P.067,N.38
Perak,SE-07,P.068,N.39
Perak,SE-07,P.068,N.40
Perak,SE-07,P.069,N.41
Perak,SE-07,P.069,N.42
Perak,SE-07,P.070,N.43
Perak,SE-07,P.070,N.44
Perak,SE-07,P.071,N.45
Perak,SE-07,P.071,N.46
Perak,SE-08,P.049,N.01
Perak,SE-08,P.049,N.02
Perak,SE-08,P.050,N.03
Perak,SE-08,P.050,N.04
Perak,SE-08,P.051,N.05
Perak,SE-08,P.051,N.06
Perak,SE-08,P.052,N.07
Perak,SE-08,P.052,N.08
Perak,SE-08,P.053,N.09
Perak,SE-08,P.053,N.10
Perak,SE-08,P.054,N.11
Perak,SE-08,P.054,N.12
Perak,SE-08,P.055,N.13
Perak,SE-08,P.055,N.14
Perak,SE-08,P.056,N.15
Perak,SE-08,P.056,N.16
Perak,SE-08,P.057,N.17
Perak,SE-08,P.057,N.18
Perak,SE-08,P.058,N.19
Perak,SE-08,P.058,N.20
Perak,SE-08,P.059,N.21
Perak,SE-08,P.059,N.22
Perak,SE-08,P.060,N.23
Perak,SE-08,P.060,N.24
Perak,SE-08,P.061,N.25
Perak,SE-08,P.061,N.26
Perak,SE-08,P.062,N.27
Perak,SE-08,P.062,N.28
Perak,SE-08,P.063,N.29
Perak,SE-08,P.063,N.30
Perak,SE-08,P.064,N.31
Perak,SE-08,P.064,N.32
Perak,SE-08,P.065,N.33
Perak,SE-08,P.065,N.34
Perak,SE-08,P.066,N.35
Perak,SE-08,P.066,N.36
Perak,SE-08,P.067,N.37
Perak,SE-08,P.067,N.38
Perak,SE-08,P.068,N.39
Perak,SE-08,P.068,N.40
Perak,SE-08,P.069,N.41
Perak,SE-08,P.069,N.42
Perak,SE-08,P.070,N.43
Perak,SE-08,P.070,N.44
Perak,SE-08,P.071,N.45
Perak,SE-08,P.071,N.46
Perak,SE-09,P.052,N.01
Perak,SE-09,P.052,N.02
Perak,SE-09,P.052,N.03
Perak,SE-09,P.053,N.04
Perak,SE-09,P.053,N.05
Perak,SE-09,P.054,N.06
Perak,SE-09,P.054,N.07
Perak,SE-09,P.055,N.08
Perak,SE-09,P.055,N.09
Perak,SE-09,P.056,N.10
Perak,SE-09,P.056,N.11
Perak,SE-09,P.056,N.12
Perak,SE-09,P.057,N.13
Perak,SE-09,P.057,N.14
Perak,SE-09,P.057,N.15
Perak,SE-09,P.058,N.16
Perak,SE-09,P.058,N.17
Perak,SE-09,P.059,N.18
Perak,SE-09,P.059,N.19
Perak,SE-09,P.060,N.20
Perak,SE-09,P.060,N.21
Perak,SE-09,P.061,N.22
Perak,SE-09,P.061,N.23
Perak,SE-09,P.061,N.24
Perak,SE-09,P.062,N.25
Perak,SE-09,P.062,N.26
Perak,SE-09,P.063,N.27
Perak,SE-09,P.063,N.28
Perak,SE-09,P.064,N.29
Perak,SE-09,P.064,N.30
Perak,SE-09,P.065,N.31
Perak,SE-09,P.065,N.32
Perak,SE-09,P.066,N.33
Perak,SE-09,P.066,N.34
Perak,SE-09,P.067,N.35
Perak,SE-09,P.067,N.36
Perak,SE-09,P.068,N.37
Perak,SE-09,P.068,N.38
Perak,SE-09,P.068,N.39
Perak,SE-09,P.069,N.40
Perak,SE-09,P.069,N.41
Perak,SE-09,P.070,N.42
Perak,SE-09,P.070,N.43
Perak,SE-09,P.071,N.44
Perak,SE-09,P.071,N.45
Perak,SE-09,P.071,N.46
Perak,SE-09,P.072,N.47
Perak,SE-09,P.072,N.48
Perak,SE-09,P.073,N.49
Perak,SE-09,P.073,N.50
Perak,SE-09,P.074,N.51
Perak,SE-09,P.074,N.52
Perak,SE-10,P.052,N.01
Perak,SE-10,P.052,N.02
Perak,SE-10,P.052,N.03
Perak,SE-10,P.053,N.04
Perak,SE-10,P.053,N.05
Perak,SE-10,P.054,N.06
Perak,SE-10,P.054,N.07
Perak,SE-10,P.055,N.08
Perak,SE-10,P.055,N.09
Perak,SE-10,P.056,N.10
Perak,SE-10,P.056,N.11
Perak,SE-10,P.056,N.12
Perak,SE-10,P.057,N.13
Perak,SE-10,P.057,N.14
Perak,SE-10,P.057,N.15
Perak,SE-10,P.058,N.16
Perak,SE-10,P.058,N.17
Perak,SE-10,P.059,N.18
Perak,SE-10,P.059,N.19
Perak,SE-10,P.060,N.20
Perak,SE-10,P.060,N.21
Perak,SE-10,P.061,N.22
Perak,SE-10,P.061,N.23
Perak,SE-10,P.061,N.24
Perak,SE-10,P.062,N.25
Perak,SE-10,P.062,N.26
Perak,SE-10,P.063,N.27
Perak,SE-10,P.063,N.28
Perak,SE-10,P.064,N.29
Perak,SE-10,P.064,N.30
Perak,SE-10,P.065,N.31
Perak,SE-10,P.065,N.32
Perak,SE-10,P.066,N.33
Perak,SE-10,P.066,N.34
Perak,SE-10,P.067,N.35
Perak,SE-10,P.067,N.36
Perak,SE-10,P.068,N.37
Perak,SE-10,P.068,N.38
Perak,SE-10,P.068,N.39
Perak,SE-10,P.069,N.40
Perak,SE-10,P.069,N.41
Perak,SE-10,P.070,N.42
Perak,SE-10,P.070,N.43
Perak,SE-10,P.071,N.44
Perak,SE-10,P.071,N.45
Perak,SE-10,P.071,N.46
Perak,SE-10,P.072,N.47
Perak,SE-10,P.072,N.48
Perak,SE-10,P.073,N.49
Perak,SE-10,P.073,N.50
Perak,SE-10,P.074,N.51
Perak,SE-10,P.074,N.52
Perak,SE-11,P.054,N.01
Perak,SE-11,P.054,N.02
Perak,SE-11,P.055,N.03
Perak,SE-11,P.055,N.04
Perak,SE-11,P.056,N.05
Perak,SE-11,P.056,N.06
Perak,SE-11,P.056,N.07
Perak,SE-11,P.057,N.08
Perak,SE-11,P.057,N.09
Perak,SE-11,P.058,N.10
Perak,SE-11,P.058,N.11
Perak,SE-11,P.058,N.12
Perak,SE-11,P.059,N.13
Perak,SE-11,P.059,N.14
Perak,SE-11,P.059,N.15
Perak,SE-11,P.060,N.16
Perak,SE-11,P.060,N.17
Perak,SE-11,P.060,N.18
Perak,SE-11,P.061,N.19
Perak,SE-11,P.061,N.20
Perak,SE-11,P.062,N.21
Perak,SE-11,P.062,N.22
Perak,SE-11,P.063,N.23
Perak,SE-11,P.063,N.24
Perak,SE-11,P.064,N.25
Perak,SE-11,P.064,N.26
Perak,SE-11,P.064,N.27
Perak,SE-11,P.065,N.28
Perak,SE-11,P.065,N.29
Perak,SE-11,P.065,N.30
Perak,SE-11,P.066,N.31
Perak,SE-11,P.066,N.32
Perak,SE-11,P.066,N.33
Perak,SE-11,P.067,N.34
Perak,SE-11,P.067,N.35
Perak,SE-11,P.068,N.36
Perak,SE-11,P.068,N.37
Perak,SE-11,P.069,N.38
Perak,SE-11,P.069,N.39
Perak,SE-11,P.070,N.40
Perak,SE-11,P.070,N.41
Perak,SE-11,P.070,N.42
Perak,SE-11,P.071,N.43
Perak,SE-11,P.071,N.44
Perak,SE-11,P.071,N.45
Perak,SE-11,P.072,N.46
Perak,SE-11,P.072,N.47
Perak,SE-11,P.073,N.48
Perak,SE-11,P.073,N.49
Perak,SE-11,P.074,N.50
Perak,SE-11,P.074,N.51
Perak,SE-11,P.074,N.52
Perak,SE-11,P.075,N.53
Perak,SE-11,P.075,N.54
Perak,SE-11,P.076,N.55
Perak,SE-11,P.076,N.56
Perak,SE-11,P.077,N.57
Perak,SE-11,P.077,N.58
Perak,SE-11,P.077,N.59
Perak,SE-12,P.054,N.01
Perak,SE-12,P.054,N.02
Perak,SE-12,P.055,N.03
Perak,SE-12,P.055,N.04
Perak,SE-12,P.056,N.05
Perak,SE-12,P.056,N.06
Perak,SE-12,P.056,N.07
Perak,SE-12,P.057,N.08
Perak,SE-12,P.057,N.09
Perak,SE-12,P.058,N.10
Perak,SE-12,P.058,N.11
Perak,SE-12,P.058,N.12
Perak,SE-12,P.059,N.13
Perak,SE-12,P.059,N.14
Perak,SE-12,P.059,N.15
Perak,SE-12,P.060,N.16
Perak,SE-12,P.060,N.17
Perak,SE-12,P.060,N.18
Perak,SE-12,P.061,N.19
Perak,SE-12,P.061,N.20
Perak,SE-12,P.062,N.21
Perak,SE-12,P.062,N.22
Perak,SE-12,P.063,N.23
Perak,SE-12,P.063,N.24
Perak,SE-12,P.064,N.25
Perak,SE-12,P.064,N.26
Perak,SE-12,P.064,N.27
Perak,SE-12,P.065,N.28
Perak,SE-12,P.065,N.29
Perak,SE-12,P.065,N.30
Perak,SE-12,P.066,N.31
Perak,SE-12,P.066,N.32
Perak,SE-12,P.066,N.33
Perak,SE-12,P.067,N.34
Perak,SE-12,P.067,N.35
Perak,SE-12,P.068,N.36
Perak,SE-12,P.068,N.37
Perak,SE-12,P.069,N.38
Perak,SE-12,P.069,N.39
Perak,SE-12,P.070,N.40
Perak,SE-12,P.070,N.41
Perak,SE-12,P.070,N.42
Perak,SE-12,P.071,N.43
Perak,SE-12,P.071,N.44
Perak,SE-12,P.071,N.45
Perak,SE-12,P.072,N.46
Perak,SE-12,P.072,N.47
Perak,SE-12,P.073,N.48
Perak,SE-12,P.073,N.49
Perak,SE-12,P.074,N.50
Perak,SE-12,P.074,N.51
Perak,SE-12,P.074,N.52
Perak,SE-12,P.075,N.53
Perak,SE-12,P.075,N.54
Perak,SE-12,P.076,N.55
Perak,SE-12,P.076,N.56
Perak,SE-12,P.077,N.57
Perak,SE-12,P.077,N.58
Perak,SE-12,P.077,N.59
Perak,SE-13,P.054,N.01
Perak,SE-13,P.054,N.02
Perak,SE-13,P.055,N.03
Perak,SE-13,P.055,N.04
Perak,SE-13,P.056,N.05
Perak,SE-13,P.056,N.06
Perak,SE-13,P.056,N.07
Perak,SE-13,P.057,N.08
Perak,SE-13,P.057,N.09
Perak,SE-13,P.058,N.10
Perak,SE-13,P.058,N.11
Perak,SE-13,P.058,N.12
Perak,SE-13,P.059,N.13
Perak,SE-13,P.059,N.14
Perak,SE-13,P.059,N.15
Perak,SE-13,P.060,N.16
Perak,SE-13,P.060,N.17
Perak,SE-13,P.060,N.18
Perak,SE-13,P.061,N.19
Perak,SE-13,P.061,N.20
Perak,SE-13,P.062,N.21
Perak,SE-13,P.062,N.22
Perak,SE-13,P.063,N.23
Perak,SE-13,P.063,N.24
Perak,SE-13,P.064,N.25
Perak,SE-13,P.064,N.26
Perak,SE-13,P.064,N.27
Perak,SE-13,P.065,N.28
Perak,SE-13,P.065,N.29
Perak,SE-13,P.065,N.30
Perak,SE-13,P.066,N.31
Perak,SE-13,P.066,N.32
Perak,SE-13,P.066,N.33
Perak,SE-13,P.067,N.34
Perak,SE-13,P.067,N.35
Perak,SE-13,P.068,N.36
Perak,SE-13,P.068,N.37
Perak,SE-13,P.069,N.38
Perak,SE-13,P.069,N.39
Perak,SE-13,P.070,N.40
Perak,SE-13,P.070,N.41
Perak,SE-13,P.070,N.42
Perak,SE-13,P.071,N.43
Perak,SE-13,P.071,N.44
Perak,SE-13,P.071,N.45
Perak,SE-13,P.072,N.46
Perak,SE-13,P.072,N.47
Perak,SE-13,P.073,N.48
Perak,SE-13,P.073,N.49
Perak,SE-13,P.074,N.50
Perak,SE-13,P.074,N.51
Perak,SE-13,P.074,N.52
Perak,SE-13,P.075,N.53
Perak,SE-13,P.075,N.54
Perak,SE-13,P.076,N.55
Perak,SE-13,P.076,N.56
Perak,SE-13,P.077,N.57
Perak,SE-13,P.077,N.58
Perak,SE-13,P.077,N.59
Perak,SE-14,P.054,N.01
Perak,SE-14,P.054,N.02
Perak,SE-14,P.055,N.03
Perak,SE-14,P.055,N.04
Perak,SE-14,P.056,N.05
Perak,SE-14,P.056,N.06
Perak,SE-14,P.056,N.07
Perak,SE-14,P.057,N.08
Perak,SE-14,P.057,N.09
Perak,SE-14,P.058,N.10
Perak,SE-14,P.058,N.11
Perak,SE-14,P.058,N.12
Perak,SE-14,P.059,N.13
Perak,SE-14,P.059,N.14
Perak,SE-14,P.059,N.15
Perak,SE-14,P.060,N.16
Perak,SE-14,P.060,N.17
Perak,SE-14,P.060,N.18
Perak,SE-14,P.061,N.19
Perak,SE-14,P.061,N.20
Perak,SE-14,P.062,N.21
Perak,SE-14,P.062,N.22
Perak,SE-14,P.063,N.23
Perak,SE-14,P.063,N.24
Perak,SE-14,P.064,N.25
Perak,SE-14,P.064,N.26
Perak,SE-14,P.064,N.27
Perak,SE-14,P.065,N.28
Perak,SE-14,P.065,N.29
Perak,SE-14,P.065,N.30
Perak,SE-14,P.066,N.31
Perak,SE-14,P.066,N.32
Perak,SE-14,P.066,N.33
Perak,SE-14,P.067,N.34
Perak,SE-14,P.067,N.35
Perak,SE-14,P.068,N.36
Perak,SE-14,P.068,N.37
Perak,SE-14,P.068,N.38
Perak,SE-14,P.069,N.39
Perak,SE-14,P.069,N.40
Perak,SE-14,P.070,N.41
Perak,SE-14,P.070,N.42
Perak,SE-14,P.070,N.43
Perak,SE-14,P.071,N.44
Perak,SE-14,P.071,N.45
Perak,SE-14,P.071,N.46
Perak,SE-14,P.072,N.47
Perak,SE-14,P.072,N.48
Perak,SE-14,P.073,N.49
Perak,SE-14,P.073,N.50
Perak,SE-14,P.074,N.51
Perak,SE-14,P.074,N.52
Perak,SE-14,P.075,N.53
Perak,SE-14,P.075,N.54
Perak,SE-14,P.076,N.55
Perak,SE-14,P.076,N.56
Perak,SE-14,P.077,N.57
Perak,SE-14,P.077,N.58
Perak,SE-14,P.077,N.59
Perak,SE-15,P.054,N.01
Perak,SE-15,P.054,N.02
Perak,SE-15,P.055,N.03
Perak,SE-15,P.055,N.04
Perak,SE-15,P.056,N.05
Perak,SE-15,P.056,N.06
Perak,SE-15,P.056,N.07
Perak,SE-15,P.057,N.08
Perak,SE-15,P.057,N.09
Perak,SE-15,P.058,N.10
Perak,SE-15,P.058,N.11
Perak,SE-15,P.058,N.12
Perak,SE-15,P.059,N.13
Perak,SE-15,P.059,N.14
Perak,SE-15,P.059,N.15
Perak,SE-15,P.060,N.16
Perak,SE-15,P.060,N.17
Perak,SE-15,P.060,N.18
Perak,SE-15,P.061,N.19
Perak,SE-15,P.061,N.20
Perak,SE-15,P.062,N.21
Perak,SE-15,P.062,N.22
Perak,SE-15,P.063,N.23
Perak,SE-15,P.063,N.24
Perak,SE-15,P.064,N.25
Perak,SE-15,P.064,N.26
Perak,SE-15,P.064,N.27
Perak,SE-15,P.065,N.28
Perak,SE-15,P.065,N.29
Perak,SE-15,P.065,N.30
Perak,SE-15,P.066,N.31
Perak,SE-15,P.066,N.32
Perak,SE-15,P.066,N.33
Perak,SE-15,P.067,N.34
Perak,SE-15,P.067,N.35
Perak,SE-15,P.068,N.36
Perak,SE-15,P.068,N.37
Perak,SE-15,P.068,N.38
Perak,SE-15,P.069,N.39
Perak,SE-15,P.069,N.40
Perak,SE-15,P.070,N.41
Perak,SE-15,P.070,N.42
Perak,SE-15,P.070,N.43
Perak,SE-15,P.071,N.44
Perak,SE-15,P.071,N.45
Perak,SE-15,P.071,N.46
Perak,SE-15,P.072,N.47
Perak,SE-15,P.072,N.48
Perak,SE-15,P.073,N.49
Perak,SE-15,P.073,N.50
Perak,SE-15,P.074,N.51
Perak,SE-15,P.074,N.52
Perak,SE-15,P.075,N.53
Perak,SE-15,P.075,N.54
Perak,SE-15,P.076,N.55
Perak,SE-15,P.076,N.56
Perak,SE-15,P.077,N.57
Perak,SE-15,P.077,N.58
Perak,SE-15,P.077,N.59
Perlis,SE-01,P.001,N.01
Perlis,SE-01,P.001,N.02
Perlis,SE-01,P.001,N.03
Perlis,SE-01,P.001,N.04
Perlis,SE-01,P.001,N.05
Perlis,SE-01,P.001,N.06
Perlis,SE-01,P.002,N.07
Perlis,SE-01,P.002,N.08
Perlis,SE-01,P.002,N.09
Perlis,SE-01,P.002,N.10
Perlis,SE-01,P.002,N.11
Perlis,SE-01,P.002,N.12
Perlis,SE-02,P.001,N.01
Perlis,SE-02,P.001,N.02
Perlis,SE-02,P.001,N.03
Perlis,SE-02,P.001,N.04
Perlis,SE-02,P.001,N.05
Perlis,SE-02,P.001,N.06
Perlis,SE-02,P.002,N.07
Perlis,SE-02,P.002,N.08
Perlis,SE-02,P.002,N.09
Perlis,SE-02,P.002,N.10
Perlis,SE-02,P.002,N.11
Perlis,SE-02,P.002,N.12
Perlis,SE-03,P.001,N.01
Perlis,SE-03,P.001,N.02
Perlis,SE-03,P.001,N.03
Perlis,SE-03,P.001,N.04
Perlis,SE-03,P.001,N.05
Perlis,SE-03,P.001,N.06
Perlis,SE-03,P.002,N.07
Perlis,SE-03,P.002,N.08
Perlis,SE-03,P.002,N.09
Perlis,SE-03,P.002,N.10
Perlis,SE-03,P.002,N.11
Perlis,SE-03,P.002,N.12
Perlis,SE-04,P.001,N.01
Perlis,SE-04,P.001,N.02
Perlis,SE-04,P.001,N.03
Perlis,SE-04,P.001,N.04
Perlis,SE-04,P.001,N.05
Perlis,SE-04,P.001,N.06
Perlis,SE-04,P.002,N.07
Perlis,SE-04,P.002,N.08
Perlis,SE-04,P.002,N.09
Perlis,SE-04,P.002,N.10
Perlis,SE-04,P.002,N.11
Perlis,SE-04,P.002,N.12
Perlis,SE-05,P.001,N.01
Perlis,SE-05,P.001,N.02
Perlis,SE-05,P.001,N.03
Perlis,SE-05,P.001,N.04
Perlis,SE-05,P.001,N.05
Perlis,SE-05,P.001,N.06
Perlis,SE-05,P.002,N.07
Perlis,SE-05,P.002,N.08
Perlis,SE-05,P.002,N.09
Perlis,SE-05,P.002,N.10
Perlis,SE-05,P.002,N.11
Perlis,SE-05,P.002,N.12
Perlis,SE-06,P.001,N.01
Perlis,SE-06,P.001,N.02
Perlis,SE-06,P.001,N.03
Perlis,SE-06,P.001,N.04
Perlis,SE-06,P.001,N.05
Perlis,SE-06,P.001,N.06
Perlis,SE-06,P.002,N.07
Perlis,SE-06,P.002,N.08
Perlis,SE-06,P.002,N.09
Perlis,SE-06,P.002,N.10
Perlis,SE-06,P.002,N.11
Perlis,SE-06,P.002,N.12
Perlis,SE-07,P.001,N.01
Perlis,SE-07,P.001,N.02
Perlis,SE-07,P.001,N.03
Perlis,SE-07,P.001,N.04
Perlis,SE-07,P.001,N.05
Perlis,SE-07,P.001,N.06
Perlis,SE-07,P.001,N.07
Perlis,SE-07,P.002,N.08
Perlis,SE-07,P.002,N.09
Perlis,SE-07,P.002,N.10
Perlis,SE-07,P.002,N.11
Perlis,SE-07,P.002,N.12
Perlis,SE-07,P.002,N.13
Perlis,SE-07,P.002,N.14
Perlis,SE-08,P.001,N.01
Perlis,SE-08,P.001,N.02
Perlis,SE-08,P.001,N.03
Perlis,SE-08,P.001,N.04
Perlis,SE-08,P.001,N.05
Perlis,SE-08,P.001,N.06
Perlis,SE-08,P.001,N.07
Perlis,SE-08,P.002,N.08
Perlis,SE-08,P.002,N.09
Perlis,SE-08,P.002,N.10
Perlis,SE-08,P.002,N.11
Perlis,SE-08,P.002,N.12
Perlis,SE-08,P.002,N.13
Perlis,SE-08,P.002,N.14
Perlis,SE-09,P.001,N.01
Perlis,SE-09,P.001,N.02
Perlis,SE-09,P.001,N.03
Perlis,SE-09,P.001,N.04
Perlis,SE-09,P.001,N.05
Perlis,SE-09,P.002,N.06
Perlis,SE-09,P.002,N.07
Perlis,SE-09,P.002,N.08
Perlis,SE-09,P.002,N.09
Perlis,SE-09,P.002,N.10
Perlis,SE-09,P.003,N.11
Perlis,SE-09,P.003,N.12
Perlis,SE-09,P.003,N.13
Perlis,SE-09,P.003,N.14
Perlis,SE-09,P.003,N.15
Perlis,SE-10,P.001,N.01
Perlis,SE-10,P.001,N.02
Perlis,SE-10,P.001,N.03
Perlis,SE-10,P.001,N.04
Perlis,SE-10,P.001,N.05
Perlis,SE-10,P.002,N.06
Perlis,SE-10,P.002,N.07
Perlis,SE-10,P.002,N.08
Perlis,SE-10,P.002,N.09
Perlis,SE-10,P.002,N.10
Perlis,SE-10,P.003,N.11
Perlis,SE-10,P.003,N.12
Perlis,SE-10,P.003,N.13
Perlis,SE-10,P.003,N.14
Perlis,SE-10,P.003,N.15
Perlis,SE-11,P.001,N.01
Perlis,SE-11,P.001,N.02
Perlis,SE-11,P.001,N.03
Perlis,SE-11,P.001,N.04
Perlis,SE-11,P.001,N.05
Perlis,SE-11,P.002,N.06
Perlis,SE-11,P.002,N.07
Perlis,SE-11,P.002,N.08
Perlis,SE-11,P.002,N.09
Perlis,SE-11,P.002,N.10
Perlis,SE-11,P.003,N.11
Perlis,SE-11,P.003,N.12
Perlis,SE-11,P.003,N.13
Perlis,SE-11,P.003,N.14
Perlis,SE-11,P.003,N.15
Perlis,SE-12,P.001,N.01
Perlis,SE-12,P.001,N.02
Perlis,SE-12,P.001,N.03
Perlis,SE-12,P.001,N.04
Perlis,SE-12,P.001,N.05
Perlis,SE-12,P.002,N.06
Perlis,SE-12,P.002,N.07
Perlis,SE-12,P.002,N.08
Perlis,SE-12,P.002,N.09
Perlis,SE-12,P.002,N.10
Perlis,SE-12,P.003,N.11
Perlis,SE-12,P.003,N.12
Perlis,SE-12,P.003,N.13
Perlis,SE-12,P.003,N.14
Perlis,SE-12,P.003,N.15
Perlis,SE-13,P.001,N.01
Perlis,SE-13,P.001,N.02
Perlis,SE-13,P.001,N.03
Perlis,SE-13,P.001,N.04
Perlis,SE-13,P.001,N.05
Perlis,SE-13,P.002,N.06
Perlis,SE-13,P.002,N.07
Perlis,SE-13,P.002,N.08
Perlis,SE-13,P.002,N.09
Perlis,SE-13,P.002,N.10
Perlis,SE-13,P.003,N.11
Perlis,SE-13,P.003,N.12
Perlis,SE-13,P.003,N.13
Perlis,SE-13,P.003,N.14
Perlis,SE-13,P.003,N.15
Perlis,SE-14,P.001,N.01
Perlis,SE-14,P.001,N.02
Perlis,SE-14,P.001,N.03
Perlis,SE-14,P.001,N.04
Perlis,SE-14,P.001,N.05
Perlis,SE-14,P.002,N.06
Perlis,SE-14,P.002,N.07
Perlis,SE-14,P.002,N.08
Perlis,SE-14,P.002,N.09
Perlis,SE-14,P.002,N.10
Perlis,SE-14,P.003,N.11
Perlis,SE-14,P.003,N.12
Perlis,SE-14,P.003,N.13
Perlis,SE-14,P.003,N.14
Perlis,SE-14,P.003,N.15
Perlis,SE-15,P.001,N.01
Perlis,SE-15,P.001,N.02
Perlis,SE-15,P.001,N.03
Perlis,SE-15,P.001,N.04
Perlis,SE-15,P.001,N.05
Perlis,SE-15,P.002,N.06
Perlis,SE-15,P.002,N.07
Perlis,SE-15,P.002,N.08
Perlis,SE-15,P.002,N.09
Perlis,SE-15,P.002,N.10
Perlis,SE-15,P.003,N.11
Perlis,SE-15,P.003,N.12
Perlis,SE-15,P.003,N.13
Perlis,SE-15,P.003,N.14
Perlis,SE-15,P.003,N.15
Pulau Pinang,SE-01,P.031,N.01
Pulau Pinang,SE-01,P.031,N.02
Pulau Pinang,SE-01,P.032,N.03
Pulau Pinang,SE-01,P.032,N.04
Pulau Pinang,SE-01,P.032,N.05
Pulau Pinang,SE-01,P.033,N.06
Pulau Pinang,SE-01,P.033,N.07
Pulau Pinang,SE-01,P.034,N.08
Pulau Pinang,SE-01,P.034,N.09
Pulau Pinang,SE-01,P.034,N.10
Pulau Pinang,SE-01,P.034,N.11
Pulau Pinang,SE-01,P.035,N.12
Pulau Pinang,SE-01,P.035,N.13
Pulau Pinang,SE-01,P.035,N.14
Pulau Pinang,SE-01,P.035,N.15
Pulau Pinang,SE-01,P.036,N.16
Pulau Pinang,SE-01,P.036,N.17
Pulau Pinang,SE-01,P.036,N.18
Pulau Pinang,SE-01,P.037,N.19
Pulau Pinang,SE-01,P.037,N.20
Pulau Pinang,SE-01,P.037,N.21
Pulau Pinang,SE-01,P.038,N.22
Pulau Pinang,SE-01,P.038,N.23
Pulau Pinang,SE-01,P.038,N.24
Pulau Pinang,SE-02,P.031,N.01
Pulau Pinang,SE-02,P.031,N.02
Pulau Pinang,SE-02,P.032,N.03
Pulau Pinang,SE-02,P.032,N.04
Pulau Pinang,SE-02,P.032,N.05
Pulau Pinang,SE-02,P.033,N.06
Pulau Pinang,SE-02,P.033,N.07
Pulau Pinang,SE-02,P.034,N.08
Pulau Pinang,SE-02,P.034,N.09
Pulau Pinang,SE-02,P.034,N.10
Pulau Pinang,SE-02,P.034,N.11
Pulau Pinang,SE-02,P.035,N.12
Pulau Pinang,SE-02,P.035,N.13
Pulau Pinang,SE-02,P.035,N.14
Pulau Pinang,SE-02,P.035,N.15
Pulau Pinang,SE-02,P.036,N.16
Pulau Pinang,SE-02,P.036,N.17
Pulau Pinang,SE-02,P.036,N.18
Pulau Pinang,SE-02,P.037,N.19
Pulau Pinang,SE-02,P.037,N.20
Pulau Pinang,SE-02,P.037,N.21
Pulau Pinang,SE-02,P.038,N.22
Pulau Pinang,SE-02,P.038,N.23
Pulau Pinang,SE-02,P.038,N.24
Pulau Pinang,SE-03,P.031,N.01
Pulau Pinang,SE-03,P.031,N.02
Pulau Pinang,SE-03,P.032,N.03
Pulau Pinang,SE-03,P.032,N.04
Pulau Pinang,SE-03,P.032,N.05
Pulau Pinang,SE-03,P.033,N.06
Pulau Pinang,SE-03,P.033,N.07
Pulau Pinang,SE-03,P.034,N.08
Pulau Pinang,SE-03,P.034,N.09
Pulau Pinang,SE-03,P.034,N.10
Pulau Pinang,SE-03,P.034,N.11
Pulau Pinang,SE-03,P.035,N.12
Pulau Pinang,SE-03,P.035,N.13
Pulau Pinang,SE-03,P.035,N.14
Pulau Pinang,SE-03,P.035,N.15
Pulau Pinang,SE-03,P.036,N.16
Pulau Pinang,SE-03,P.036,N.17
Pulau Pinang,SE-03,P.036,N.18
Pulau Pinang,SE-03,P.037,N.19
Pulau Pinang,SE-03,P.037,N.20
Pulau Pinang,SE-03,P.037,N.21
Pulau Pinang,SE-03,P.038,N.22
Pulau Pinang,SE-03,P.038,N.23
Pulau Pinang,SE-03,P.038,N.24
Pulau Pinang,SE-04,P.035,N.01
Pulau Pinang,SE-04,P.035,N.02
Pulau Pinang,SE-04,P.035,N.03
Pulau Pinang,SE-04,P.036,N.04
Pulau Pinang,SE-04,P.036,N.05
Pulau Pinang,SE-04,P.036,N.06
Pulau Pinang,SE-04,P.037,N.07
Pulau Pinang,SE-04,P.037,N.08
Pulau Pinang,SE-04,P.037,N.09
Pulau Pinang,SE-04,P.038,N.10
Pulau Pinang,SE-04,P.038,N.11
Pulau Pinang,SE-04,P.038,N.12
Pulau Pinang,SE-04,P.039,N.13
Pulau Pinang,SE-04,P.039,N.14
Pulau Pinang,SE-04,P.039,N.15
Pulau Pinang,SE-04,P.040,N.16
Pulau Pinang,SE-04,P.040,N.17
Pulau Pinang,SE-04,P.040,N.18
Pulau Pinang,SE-04,P.041,N.19
Pulau Pinang,SE-04,P.041,N.20
Pulau Pinang,SE-04,P.041,N.21
Pulau Pinang,SE-04,P.042,N.22
Pulau Pinang,SE-04,P.042,N.23
Pulau Pinang,SE-04,P.042,N.24
Pulau Pinang,SE-04,P.043,N.25
Pulau Pinang,SE-04,P.043,N.26
Pulau Pinang,SE-04,P.043,N.27
Pulau Pinang,SE-05,P.035,N.01
Pulau Pinang,SE-05,P.035,N.02
Pulau Pinang,SE-05,P.035,N.03
Pulau Pinang,SE-05,P.036,N.04
Pulau Pinang,SE-05,P.036,N.05
Pulau Pinang,SE-05,P.036,N.06
Pulau Pinang,SE-05,P.037,N.07
Pulau Pinang,SE-05,P.037,N.08
Pulau Pinang,SE-05,P.037,N.09
Pulau Pinang,SE-05,P.038,N.10
Pulau Pinang,SE-05,P.038,N.11
Pulau Pinang,SE-05,P.038,N.12
Pulau Pinang,SE-05,P.039,N.13
Pulau Pinang,SE-05,P.039,N.14
Pulau Pinang,SE-05,P.039,N.15
Pulau Pinang,SE-05,P.040,N.16
Pulau Pinang,SE-05,P.040,N.17
Pulau Pinang,SE-05,P.040,N.18
Pulau Pinang,SE-05,P.041,N.19
Pulau Pinang,SE-05,P.041,N.20
Pulau Pinang,SE-05,P.041,N.21
Pulau Pinang,SE-05,P.042,N.22
Pulau Pinang,SE-05,P.042,N.23
Pulau Pinang,SE-05,P.042,N.24
Pulau Pinang,SE-05,P.043,N.25
Pulau Pinang,SE-05,P.043,N.26
Pulau Pinang,SE-05,P.043,N.27
Pulau Pinang,SE-06,P.035,N.01
Pulau Pinang,SE-06,P.035,N.02
Pulau Pinang,SE-06,P.035,N.03
Pulau Pinang,SE-06,P.036,N.04
Pulau Pinang,SE-06,P.036,N.05
Pulau Pinang,SE-06,P.036,N.06
Pulau Pinang,SE-06,P.037,N.07
Pulau Pinang,SE-06,P.037,N.08
Pulau Pinang,SE-06,P.037,N.09
Pulau Pinang,SE-06,P.038,N.10
Pulau Pinang,SE-06,P.038,N.11
Pulau Pinang,SE-06,P.038,N.12
Pulau Pinang,SE-06,P.039,N.13
Pulau Pinang,SE-06,P.039,N.14
Pulau Pinang,SE-06,P.039,N.15
Pulau Pinang,SE-06,P.040,N.16
Pulau Pinang,SE-06,P.040,N.17
Pulau Pinang,SE-06,P.040,N.18
Pulau Pinang,SE-06,P.041,N.19
Pulau Pinang,SE-06,P.041,N.20
Pulau Pinang,SE-06,P.041,N.21
Pulau Pinang,SE-06,P.042,N.22
Pulau Pinang,SE-06,P.042,N.23
Pulau Pinang,SE-06,P.042,N.24
Pulau Pinang,SE-06,P.043,N.25
Pulau Pinang,SE-06,P.043,N.26
Pulau Pinang,SE-06,P.043,N.27
Pulau Pinang,SE-07,P.038,N.01
Pulau Pinang,SE-07,P.038,N.02
Pulau Pinang,SE-07,P.038,N.03
Pulau Pinang,SE-07,P.039,N.04
Pulau Pinang,SE-07,P.039,N.05
Pulau Pinang,SE-07,P.039,N.06
Pulau Pinang,SE-07,P.040,N.07
Pulau Pinang,SE-07,P.040,N.08
Pulau Pinang,SE-07,P.040,N.09
Pulau Pinang,SE-07,P.041,N.10
Pulau Pinang,SE-07,P.041,N.11
Pulau Pinang,SE-07,P.041,N.12
Pulau Pinang,SE-07,P.042,N.13
Pulau Pinang,SE-07,P.042,N.14
Pulau Pinang,SE-07,P.042,N.15
Pulau Pinang,SE-07,P.043,N.16
Pulau Pinang,SE-07,P.043,N.17
Pulau Pinang,SE-07,P.043,N.18
Pulau Pinang,SE-07,P.044,N.19
Pulau Pinang,SE-07,P.044,N.20
Pulau Pinang,SE-07,P.044,N.21
Pulau Pinang,SE-07,P.045,N.22
Pulau Pinang,SE-07,P.045,N.23
Pulau Pinang,SE-07,P.045,N.24
Pulau Pinang,SE-07,P.046,N.25
Pulau Pinang,SE-07,P.046,N.26
Pulau Pinang,SE-07,P.046,N.27
Pulau Pinang,SE-07,P.047,N.28
Pulau Pinang,SE-07,P.047,N.29
Pulau Pinang,SE-07,P.047,N.30
Pulau Pinang,SE-07,P.048,N.31
Pulau Pinang,SE-07,P.048,N.32
Pulau Pinang,SE-07,P.048,N.33
Pulau Pinang,SE-08,P.038,N.01
Pulau Pinang,SE-08,P.038,N.02
Pulau Pinang,SE-08,P.038,N.03
Pulau Pinang,SE-08,P.039,N.04
Pulau Pinang,SE-08,P.039,N.05
Pulau Pinang,SE-08,P.039,N.06
Pulau Pinang,SE-08,P.040,N.07
Pulau Pinang,SE-08,P.040,N.08
Pulau Pinang,SE-08,P.040,N.09
Pulau Pinang,SE-08,P.041,N.10
Pulau Pinang,SE-08,P.041,N.11
Pulau Pinang,SE-08,P.041,N.12
Pulau Pinang,SE-08,P.042,N.13
Pulau Pinang,SE-08,P.042,N.14
Pulau Pinang,SE-08,P.042,N.15
Pulau Pinang,SE-08,P.043,N.16
Pulau Pinang,SE-08,P.043,N.17
Pulau Pinang,SE-08,P.043,N.18
Pulau Pinang,SE-08,P.044,N.19
Pulau Pinang,SE-08,P.044,N.20
Pulau Pinang,SE-08,P.044,N.21
Pulau Pinang,SE-08,P.045,N.22
Pulau Pinang,SE-08,P.045,N.23
Pulau Pinang,SE-08,P.045,N.24
Pulau Pinang,SE-08,P.046,N.25
Pulau Pinang,SE-08,P.046,N.26
Pulau Pinang,SE-08,P.046,N.27
Pulau Pinang,SE-08,P.047,N.28
Pulau Pinang,SE-08,P.047,N.29
Pulau Pinang,SE-08,P.047,N.30
Pulau Pinang,SE-08,P.048,N.31
Pulau Pinang,SE-08,P.048,N.32
Pulau Pinang,SE-08,P.048,N.33
Pulau Pinang,SE-09,P.041,N.01
Pulau Pinang,SE-09,P.041,N.02
Pulau Pinang,SE-09,P.041,N.03
Pulau Pinang,SE-09,P.042,N.04
Pulau Pinang,SE-09,P.042,N.05
Pulau Pinang,SE-09,P.042,N.06
Pulau Pinang,SE-09,P.043,N.07
Pulau Pinang,SE-09,P.043,N.08
Pulau Pinang,SE-09,P.043,N.09
Pulau Pinang,SE-09,P.044,N.10
Pulau Pinang,SE-09,P.044,N.11
Pulau Pinang,SE-09,P.044,N.12
Pulau Pinang,SE-09,P.045,N.13
Pulau Pinang,SE-09,P.045,N.14
Pulau Pinang,SE-09,P.045,N.15
Pulau Pinang,SE-09,P.046,N.16
Pulau Pinang,SE-09,P.046,N.17
Pulau Pinang,SE-09,P.046,N.18
Pulau Pinang,SE-09,P.047,N.19
Pulau Pinang,SE-09,P.047,N.20
Pulau Pinang,SE-09,P.047,N.21
Pulau Pinang,SE-09,P.048,N.22
Pulau Pinang,SE-09,P.048,N.23
Pulau Pinang,SE-09,P.048,N.24
Pulau Pinang,SE-09,P.049,N.25
Pulau Pinang,SE-09,P.049,N.26
Pulau Pinang,SE-09,P.049,N.27
Pulau Pinang,SE-09,P.050,N.28
Pulau Pinang,SE-09,P.050,N.29
Pulau Pinang,SE-09,P.050,N.30
Pulau Pinang,SE-09,P.051,N.31
Pulau Pinang,SE-09,P.051,N.32
Pulau Pinang,SE-09,P.051,N.33
Pulau Pinang,SE-10,P.041,N.01
Pulau Pinang,SE-10,P.041,N.02
Pulau Pinang,SE-10,P.041,N.03
Pulau Pinang,SE-10,P.042,N.04
Pulau Pinang,SE-10,P.042,N.05
Pulau Pinang,SE-10,P.042,N.06
Pulau Pinang,SE-10,P.043,N.07
Pulau Pinang,SE-10,P.043,N.08
Pulau Pinang,SE-10,P.043,N.09
Pulau Pinang,SE-10,P.044,N.10
Pulau Pinang,SE-10,P.044,N.11
Pulau Pinang,SE-10,P.044,N.12
Pulau Pinang,SE-10,P.045,N.13
Pulau Pinang,SE-10,P.045,N.14
Pulau Pinang,SE-10,P.045,N.15
Pulau Pinang,SE-10,P.046,N.16
Pulau Pinang,SE-10,P.046,N.17
Pulau Pinang,SE-10,P.046,N.18
Pulau Pinang,SE-10,P.047,N.19
Pulau Pinang,SE-10,P.047,N.20
Pulau Pinang,SE-10,P.047,N.21
Pulau Pinang,SE-10,P.048,N.22
Pulau Pinang,SE-10,P.048,N.23
Pulau Pinang,SE-10,P.048,N.24
Pulau Pinang,SE-10,P.049,N.25
Pulau Pinang,SE-10,P.049,N.26
Pulau Pinang,SE-10,P.049,N.27
Pulau Pinang,SE-10,P.050,N.28
Pulau Pinang,SE-10,P.050,N.29
Pulau Pinang,SE-10,P.050,N.30
Pulau Pinang,SE-10,P.051,N.31
Pulau Pinang,SE-10,P.051,N.32
Pulau Pinang,SE-10,P.051,N.33
Pulau Pinang,SE-11,P.041,N.01
Pulau Pinang,SE-11,P.041,N.02
Pulau Pinang,SE-11,P.041,N.03
Pulau Pinang,SE-11,P.042,N.04
Pulau Pinang,SE-11,P.042,N.05
Pulau Pinang,SE-11,P.042,N.06
Pulau Pinang,SE-11,P.043,N.07
Pulau Pinang,SE-11,P.043,N.08
Pulau Pinang,SE-11,P.043,N.09
Pulau Pinang,SE-11,P.044,N.10
Pulau Pinang,SE-11,P.044,N.11
Pulau Pinang,SE-11,P.044,N.12
Pulau Pinang,SE-11,P.045,N.13
Pulau Pinang,SE-11,P.045,N.14
Pulau Pinang,SE-11,P.045,N.15
Pulau Pinang,SE-11,P.046,N.16
Pulau Pinang,SE-11,P.046,N.17
Pulau Pinang,SE-11,P.046,N.18
Pulau Pinang,SE-11,P.047,N.19
Pulau Pinang,SE-11,P.047,N.20
Pulau Pinang,SE-11,P.047,N.21
Pulau Pinang,SE-11,P.048,N.22
Pulau Pinang,SE-11,P.048,N.23
Pulau Pinang,SE-11,P.048,N.24
Pulau Pinang,SE-11,P.048,N.25
Pulau Pinang,SE-11,P.049,N.26
Pulau Pinang,SE-11,P.049,N.27
Pulau Pinang,SE-11,P.049,N.28
Pulau Pinang,SE-11,P.050,N.29
Pulau Pinang,SE-11,P.050,N.30
Pulau Pinang,SE-11,P.050,N.31
Pulau Pinang,SE-11,P.051,N.32
Pulau Pinang,SE-11,P.051,N.33
Pulau Pinang,SE-11,P.051,N.34
Pulau Pinang,SE-11,P.052,N.35
Pulau Pinang,SE-11,P.052,N.36
Pulau Pinang,SE-11,P.052,N.37
Pulau Pinang,SE-11,P.053,N.38
Pulau Pinang,SE-11,P.053,N.39
Pulau Pinang,SE-11,P.053,N.40
Pulau Pinang,SE-12,P.041,N.01
Pulau Pinang,SE-12,P.041,N.02
Pulau Pinang,SE-12,P.041,N.03
Pulau Pinang,SE-12,P.042,N.04
Pulau Pinang,SE-12,P.042,N.05
Pulau Pinang,SE-12,P.042,N.06
Pulau Pinang,SE-12,P.043,N.07
Pulau Pinang,SE-12,P.043,N.08
Pulau Pinang,SE-12,P.043,N.09
Pulau Pinang,SE-12,P.044,N.10
Pulau Pinang,SE-12,P.044,N.11
Pulau Pinang,SE-12,P.044,N.12
Pulau Pinang,SE-12,P.045,N.13
Pulau Pinang,SE-12,P.045,N.14
Pulau Pinang,SE-12,P.045,N.15
Pulau Pinang,SE-12,P.046,N.16
Pulau Pinang,SE-12,P.046,N.17
Pulau Pinang,SE-12,P.046,N.18
Pulau Pinang,SE-12,P.047,N.19
Pulau Pinang,SE-12,P.047,N.20
Pulau Pinang,SE-12,P.047,N.21
Pulau Pinang,SE-12,P.048,N.22
Pulau Pinang,SE-12,P.048,N.23
Pulau Pinang,SE-12,P.048,N.24
Pulau Pinang,SE-12,P.048,N.25
Pulau Pinang,SE-12,P.049,N.26
Pulau Pinang,SE-12,P.049,N.27
Pulau Pinang,SE-12,P.049,N.28
Pulau Pinang,SE-12,P.050,N.29
Pulau Pinang,SE-12,P.050,N.30
Pulau Pinang,SE-12,P.050,N.31
Pulau Pinang,SE-12,P.051,N.32
Pulau Pinang,SE-12,P.051,N.33
Pulau Pinang,SE-12,P.051,N.34
Pulau Pinang,SE-12,P.052,N.35
Pulau Pinang,SE-12,P.052,N.36
Pulau Pinang,SE-12,P.052,N.37
Pulau Pinang,SE-12,P.053,N.38
Pulau Pinang,SE-12,P.053,N.39
Pulau Pinang,SE-12,P.053,N.40
Pulau Pinang,SE-13,P.041,N.01
Pulau Pinang,SE-13,P.041,N.02
Pulau Pinang,SE-13,P.041,N.03
Pulau Pinang,SE-13,P.042,N.04
Pulau Pinang,SE-13,P.042,N.05
Pulau Pinang,SE-13,P.042,N.06
Pulau Pinang,SE-13,P.043,N.07
Pulau Pinang,SE-13,P.043,N.08
Pulau Pinang,SE-13,P.043,N.09
Pulau Pinang,SE-13,P.044,N.10
Pulau Pinang,SE-13,P.044,N.11
Pulau Pinang,SE-13,P.044,N.12
Pulau Pinang,SE-13,P.045,N.13
Pulau Pinang,SE-13,P.045,N.14
Pulau Pinang,SE-13,P.045,N.15
Pulau Pinang,SE-13,P.046,N.16
Pulau Pinang,SE-13,P.046,N.17
Pulau Pinang,SE-13,P.046,N.18
Pulau Pinang,SE-13,P.047,N.19
Pulau Pinang,SE-13,P.047,N.20
Pulau Pinang,SE-13,P.047,N.21
Pulau Pinang,SE-13,P.048,N.22
Pulau Pinang,SE-13,P.048,N.23
Pulau Pinang,SE-13,P.048,N.24
Pulau Pinang,SE-13,P.048,N.25
Pulau Pinang,SE-13,P.049,N.26
Pulau Pinang,SE-13,P.049,N.27
Pulau Pinang,SE-13,P.049,N.28
Pulau Pinang,SE-13,P.050,N.29
Pulau Pinang,SE-13,P.050,N.30
Pulau Pinang,SE-13,P.050,N.31
Pulau Pinang,SE-13,P.051,N.32
Pulau Pinang,SE-13,P.051,N.33
Pulau Pinang,SE-13,P.051,N.34
Pulau Pinang,SE-13,P.052,N.35
Pulau Pinang,SE-13,P.052,N.36
Pulau Pinang,SE-13,P.052,N.37
Pulau Pinang,SE-13,P.053,N.38
Pulau Pinang,SE-13,P.053,N.39
Pulau Pinang,SE-13,P.053,N.40
Pulau Pinang,SE-14,P.041,N.01
Pulau Pinang,SE-14,P.041,N.02
Pulau Pinang,SE-14,P.041,N.03
Pulau Pinang,SE-14,P.042,N.04
Pulau Pinang,SE-14,P.042,N.05
Pulau Pinang,SE-14,P.042,N.06
Pulau Pinang,SE-14,P.043,N.07
Pulau Pinang,SE-14,P.043,N.08
Pulau Pinang,SE-14,P.043,N.09
Pulau Pinang,SE-14,P.044,N.10
Pulau Pinang,SE-14,P.044,N.11
Pulau Pinang,SE-14,P.044,N.12
Pulau Pinang,SE-14,P.045,N.13
Pulau Pinang,SE-14,P.045,N.14
Pulau Pinang,SE-14,P.045,N.15
Pulau Pinang,SE-14,P.046,N.16
Pulau Pinang,SE-14,P.046,N.17
Pulau Pinang,SE-14,P.046,N.18
Pulau Pinang,SE-14,P.047,N.19
Pulau Pinang,SE-14,P.047,N.20
Pulau Pinang,SE-14,P.047,N.21
Pulau Pinang,SE-14,P.048,N.22
Pulau Pinang,SE-14,P.048,N.23
Pulau Pinang,SE-14,P.048,N.24
Pulau Pinang,SE-14,P.048,N.25
Pulau Pinang,SE-14,P.049,N.26
Pulau Pinang,SE-14,P.049,N.27
Pulau Pinang,SE-14,P.049,N.28
Pulau Pinang,SE-14,P.050,N.29
Pulau Pinang,SE-14,P.050,N.30
Pulau Pinang,SE-14,P.050,N.31
Pulau Pinang,SE-14,P.051,N.32
Pulau Pinang,SE-14,P.051,N.33
Pulau Pinang,SE-14,P.051,N.34
Pulau Pinang,SE-14,P.052,N.35
Pulau Pinang,SE-14,P.052,N.36
Pulau Pinang,SE-14,P.052,N.37
Pulau Pinang,SE-14,P.053,N.38
Pulau Pinang,SE-14,P.053,N.39
Pulau Pinang,SE-14,P.053,N.40
Pulau Pinang,SE-15,P.041,N.01
Pulau Pinang,SE-15,P.041,N.02
Pulau Pinang,SE-15,P.041,N.03
Pulau Pinang,SE-15,P.042,N.04
Pulau Pinang,SE-15,P.042,N.05
Pulau Pinang,SE-15,P.042,N.06
Pulau Pinang,SE-15,P.043,N.07
Pulau Pinang,SE-15,P.043,N.08
Pulau Pinang,SE-15,P.043,N.09
Pulau Pinang,SE-15,P.044,N.10
Pulau Pinang,SE-15,P.044,N.11
Pulau Pinang,SE-15,P.044,N.12
Pulau Pinang,SE-15,P.045,N.13
Pulau Pinang,SE-15,P.045,N.14
Pulau Pinang,SE-15,P.045,N.15
Pulau Pinang,SE-15,P.046,N.16
Pulau Pinang,SE-15,P.046,N.17
Pulau Pinang,SE-15,P.046,N.18
Pulau Pinang,SE-15,P.047,N.19
Pulau Pinang,SE-15,P.047,N.20
Pulau Pinang,SE-15,P.047,N.21
Pulau Pinang,SE-15,P.048,N.22
Pulau Pinang,SE-15,P.048,N.23
Pulau Pinang,SE-15,P.048,N.24
Pulau Pinang,SE-15,P.048,N.25
Pulau Pinang,SE-15,P.049,N.26
Pulau Pinang,SE-15,P.049,N.27
Pulau Pinang,SE-15,P.049,N.28
Pulau Pinang,SE-15,P.050,N.29
Pulau Pinang,SE-15,P.050,N.30
Pulau Pinang,SE-15,P.050,N.31
Pulau Pinang,SE-15,P.051,N.32
Pulau Pinang,SE-15,P.051,N.33
Pulau Pinang,SE-15,P.051,N.34
Pulau Pinang,SE-15,P.052,N.35
Pulau Pinang,SE-15,P.052,N.36
Pulau Pinang,SE-15,P.052,N.37
Pulau Pinang,SE-15,P.053,N.38
Pulau Pinang,SE-15,P.053,N.39
Pulau Pinang,SE-15,P.053,N.40
Sabah,SE-01,P.105,N.01
Sabah,SE-01,P.105,N.02
Sabah,SE-01,P.106,N.03
Sabah,SE-01,P.106,N.04
Sabah,SE-01,P.107,N.05
Sabah,SE-01,P.107,N.06
Sabah,SE-01,P.108,N.07
Sabah,SE-01,P.108,N.08
Sabah,SE-01,P.109,N.09
Sabah,SE-01,P.109,N.10
Sabah,SE-01,P.110,N.11
Sabah,SE-01,P.110,N.12
Sabah,SE-01,P.111,N.13
Sabah,SE-01,P.111,N.14
Sabah,SE-01,P.112,N.15
Sabah,SE-01,P.112,N.16
Sabah,SE-01,P.113,N.17
Sabah,SE-01,P.113,N.18
Sabah,SE-01,P.114,N.19
Sabah,SE-01,P.114,N.20
Sabah,SE-01,P.115,N.21
Sabah,SE-01,P.115,N.22
Sabah,SE-01,P.116,N.23
Sabah,SE-01,P.116,N.24
Sabah,SE-01,P.117,N.25
Sabah,SE-01,P.117,N.26
Sabah,SE-01,P.118,N.27
Sabah,SE-01,P.118,N.28
Sabah,SE-01,P.119,N.29
Sabah,SE-01,P.119,N.30
Sabah,SE-01,P.120,N.31
Sabah,SE-01,P.120,N.32
Sabah,SE-02,P.105,N.01
Sabah,SE-02,P.105,N.02
Sabah,SE-02,P.106,N.03
Sabah,SE-02,P.106,N.04
Sabah,SE-02,P.107,N.05
Sabah,SE-02,P.107,N.06
Sabah,SE-02,P.108,N.07
Sabah,SE-02,P.108,N.08
Sabah,SE-02,P.109,N.09
Sabah,SE-02,P.109,N.10
Sabah,SE-02,P.110,N.11
Sabah,SE-02,P.110,N.12
Sabah,SE-02,P.111,N.13
Sabah,SE-02,P.111,N.14
Sabah,SE-02,P.112,N.15
Sabah,SE-02,P.112,N.16
Sabah,SE-02,P.113,N.17
Sabah,SE-02,P.113,N.18
Sabah,SE-02,P.114,N.19
Sabah,SE-02,P.114,N.20
Sabah,SE-02,P.115,N.21
Sabah,SE-02,P.115,N.22
Sabah,SE-02,P.116,N.23
Sabah,SE-02,P.116,N.24
Sabah,SE-02,P.117,N.25
Sabah,SE-02,P.117,N.26
Sabah,SE-02,P.118,N.27
Sabah,SE-02,P.118,N.28
Sabah,SE-02,P.119,N.29
Sabah,SE-02,P.119,N.30
Sabah,SE-02,P.120,N.31
Sabah,SE-02,P.120,N.32
Sabah,SE-03,P.115,N.01
Sabah,SE-03,P.115,N.02
Sabah,SE-03,P.115,N.03
Sabah,SE-03,P.116,N.04
Sabah,SE-03,P.116,N.05
Sabah,SE-03,P.116,N.06
Sabah,SE-03,P.117,N.07
Sabah,SE-03,P.117,N.08
Sabah,SE-03,P.117,N.09
Sabah,SE-03,P.118,N.10
Sabah,SE-03,P.118,N.11
Sabah,SE-03,P.118,N.12
Sabah,SE-03,P.119,N.13
Sabah,SE-03,P.119,N.14
Sabah,SE-03,P.119,N.15
Sabah,SE-03,P.120,N.16
Sabah,SE-03,P.120,N.17
Sabah,SE-03,P.120,N.18
Sabah,SE-03,P.121,N.19
Sabah,SE-03,P.121,N.20
Sabah,SE-03,P.121,N.21
Sabah,SE-03,P.122,N.22
Sabah,SE-03,P.122,N.23
Sabah,SE-03,P.122,N.24
Sabah,SE-03,P.123,N.25
Sabah,SE-03,P.123,N.26
Sabah,SE-03,P.123,N.27
Sabah,SE-03,P.124,N.28
Sabah,SE-03,P.124,N.29
Sabah,SE-03,P.124,N.30
Sabah,SE-03,P.125,N.31
Sabah,SE-03,P.125,N.32
Sabah,SE-03,P.125,N.33
Sabah,SE-03,P.126,N.34
Sabah,SE-03,P.126,N.35
Sabah,SE-03,P.126,N.36
Sabah,SE-03,P.127,N.37
Sabah,SE-03,P.127,N.38
Sabah,SE-03,P.127,N.39
Sabah,SE-03,P.128,N.40
Sabah,SE-03,P.128,N.41
Sabah,SE-03,P.128,N.42
Sabah,SE-03,P.129,N.43
Sabah,SE-03,P.129,N.44
Sabah,SE-03,P.129,N.45
Sabah,SE-03,P.130,N.46
Sabah,SE-03,P.130,N.47
Sabah,SE-03,P.130,N.48
Sabah,SE-04,P.115,N.01
Sabah,SE-04,P.115,N.02
Sabah,SE-04,P.115,N.03
Sabah,SE-04,P.116,N.04
Sabah,SE-04,P.116,N.05
Sabah,SE-04,P.116,N.06
Sabah,SE-04,P.117,N.07
Sabah,SE-04,P.117,N.08
Sabah,SE-04,P.117,N.09
Sabah,SE-04,P.118,N.10
Sabah,SE-04,P.118,N.11
Sabah,SE-04,P.118,N.12
Sabah,SE-04,P.119,N.13
Sabah,SE-04,P.119,N.14
Sabah,SE-04,P.119,N.15
Sabah,SE-04,P.120,N.16
Sabah,SE-04,P.120,N.17
Sabah,SE-04,P.120,N.18
Sabah,SE-04,P.121,N.19
Sabah,SE-04,P.121,N.20
Sabah,SE-04,P.121,N.21
Sabah,SE-04,P.122,N.22
Sabah,SE-04,P.122,N.23
Sabah,SE-04,P.122,N.24
Sabah,SE-04,P.123,N.25
Sabah,SE-04,P.123,N.26
Sabah,SE-04,P.123,N.27
Sabah,SE-04,P.124,N.28
Sabah,SE-04,P.124,N.29
Sabah,SE-04,P.124,N.30
Sabah,SE-04,P.125,N.31
Sabah,SE-04,P.125,N.32
Sabah,SE-04,P.125,N.33
Sabah,SE-04,P.126,N.34
Sabah,SE-04,P.126,N.35
Sabah,SE-04,P.126,N.36
Sabah,SE-04,P.127,N.37
Sabah,SE-04,P.127,N.38
Sabah,SE-04,P.127,N.39
Sabah,SE-04,P.128,N.40
Sabah,SE-04,P.128,N.41
Sabah,SE-04,P.128,N.42
Sabah,SE-04,P.129,N.43
Sabah,SE-04,P.129,N.44
Sabah,SE-04,P.129,N.45
Sabah,SE-04,P.130,N.46
Sabah,SE-04,P.130,N.47
Sabah,SE-04,P.130,N.48
Sabah,SE-05,P.134,N.01
Sabah,SE-05,P.134,N.02
Sabah,SE-05,P.134,N.03
Sabah,SE-05,P.135,N.04
Sabah,SE-05,P.135,N.05
Sabah,SE-05,P.135,N.06
Sabah,SE-05,P.136,N.07
Sabah,SE-05,P.136,N.08
Sabah,SE-05,P.136,N.09
Sabah,SE-05,P.137,N.10
Sabah,SE-05,P.137,N.11
Sabah,SE-05,P.137,N.12
Sabah,SE-05,P.138,N.13
Sabah,SE-05,P.138,N.14
Sabah,SE-05,P.139,N.15
Sabah,SE-05,P.139,N.16
Sabah,SE-05,P.139,N.17
Sabah,SE-05,P.140,N.18
Sabah,SE-05,P.140,N.19
Sabah,SE-05,P.140,N.20
Sabah,SE-05,P.141,N.21
Sabah,SE-05,P.141,N.22
Sabah,SE-05,P.141,N.23
Sabah,SE-05,P.142,N.24
Sabah,SE-05,P.142,N.25
Sabah,SE-05,P.143,N.26
Sabah,SE-05,P.143,N.27
Sabah,SE-05,P.144,N.28
Sabah,SE-05,P.144,N.29
Sabah,SE-05,P.145,N.30
Sabah,SE-05,P.145,N.31
Sabah,SE-05,P.146,N.32
Sabah,SE-05,P.146,N.33
Sabah,SE-05,P.147,N.34
Sabah,SE-05,P.147,N.35
Sabah,SE-05,P.148,N.36
Sabah,SE-05,P.148,N.37
Sabah,SE-05,P.149,N.38
Sabah,SE-05,P.149,N.39
Sabah,SE-05,P.149,N.40
Sabah,SE-05,P.150,N.41
Sabah,SE-05,P.150,N.42
Sabah,SE-05,P.151,N.43
Sabah,SE-05,P.151,N.44
Sabah,SE-05,P.152,N.45
Sabah,SE-05,P.152,N.46
Sabah,SE-05,P.153,N.47
Sabah,SE-05,P.153,N.48
Sabah,SE-06,P.134,N.01
Sabah,SE-06,P.134,N.02
Sabah,SE-06,P.134,N.03
Sabah,SE-06,P.135,N.04
Sabah,SE-06,P.135,N.05
Sabah,SE-06,P.135,N.06
Sabah,SE-06,P.136,N.07
Sabah,SE-06,P.136,N.08
Sabah,SE-06,P.136,N.09
Sabah,SE-06,P.137,N.10
Sabah,SE-06,P.137,N.11
Sabah,SE-06,P.137,N.12
Sabah,SE-06,P.138,N.13
Sabah,SE-06,P.138,N.14
Sabah,SE-06,P.139,N.15
Sabah,SE-06,P.139,N.16
Sabah,SE-06,P.139,N.17
Sabah,SE-06,P.140,N.18
Sabah,SE-06,P.140,N.19
Sabah,SE-06,P.140,N.20
Sabah,SE-06,P.141,N.21
Sabah,SE-06,P.141,N.22
Sabah,SE-06,P.141,N.23
Sabah,SE-06,P.142,N.24
Sabah,SE-06,P.142,N.25
Sabah,SE-06,P.143,N.26
Sabah,SE-06,P.143,N.27
Sabah,SE-06,P.144,N.28
Sabah,SE-06,P.144,N.29
Sabah,SE-06,P.145,N.30
Sabah,SE-06,P.145,N.31
Sabah,SE-06,P.146,N.32
Sabah,SE-06,P.146,N.33
Sabah,SE-06,P.147,N.34
Sabah,SE-06,P.147,N.35
Sabah,SE-06,P.148,N.36
Sabah,SE-06,P.148,N.37
Sabah,SE-06,P.149,N.38
Sabah,SE-06,P.149,N.39
Sabah,SE-06,P.149,N.40
Sabah,SE-06,P.150,N.41
Sabah,SE-06,P.150,N.42
Sabah,SE-06,P.151,N.43
Sabah,SE-06,P.151,N.44
Sabah,SE-06,P.152,N.45
Sabah,SE-06,P.152,N.46
Sabah,SE-06,P.153,N.47
Sabah,SE-06,P.153,N.48
Sabah,SE-07,P.134,N.01
Sabah,SE-07,P.134,N.02
Sabah,SE-07,P.134,N.03
Sabah,SE-07,P.135,N.04
Sabah,SE-07,P.135,N.05
Sabah,SE-07,P.135,N.06
Sabah,SE-07,P.136,N.07
Sabah,SE-07,P.136,N.08
Sabah,SE-07,P.136,N.09
Sabah,SE-07,P.137,N.10
Sabah,SE-07,P.137,N.11
Sabah,SE-07,P.137,N.12
Sabah,SE-07,P.138,N.13
Sabah,SE-07,P.138,N.14
Sabah,SE-07,P.139,N.15
Sabah,SE-07,P.139,N.16
Sabah,SE-07,P.139,N.17
Sabah,SE-07,P.140,N.18
Sabah,SE-07,P.140,N.19
Sabah,SE-07,P.140,N.20
Sabah,SE-07,P.141,N.21
Sabah,SE-07,P.141,N.22
Sabah,SE-07,P.141,N.23
Sabah,SE-07,P.142,N.24
Sabah,SE-07,P.142,N.25
Sabah,SE-07,P.143,N.26
Sabah,SE-07,P.143,N.27
Sabah,SE-07,P.144,N.28
Sabah,SE-07,P.144,N.29
Sabah,SE-07,P.145,N.30
Sabah,SE-07,P.145,N.31
Sabah,SE-07,P.146,N.32
Sabah,SE-07,P.146,N.33
Sabah,SE-07,P.147,N.34
Sabah,SE-07,P.147,N.35
Sabah,SE-07,P.148,N.36
Sabah,SE-07,P.148,N.37
Sabah,SE-07,P.149,N.38
Sabah,SE-07,P.149,N.39
Sabah,SE-07,P.149,N.40
Sabah,SE-07,P.150,N.41
Sabah,SE-07,P.150,N.42
Sabah,SE-07,P.151,N.43
Sabah,SE-07,P.151,N.44
Sabah,SE-07,P.152,N.45
Sabah,SE-07,P.152,N.46
Sabah,SE-07,P.153,N.47
Sabah,SE-07,P.153,N.48
Sabah,SE-08,P.134,N.01
Sabah,SE-08,P.134,N.02
Sabah,SE-08,P.134,N.03
Sabah,SE-08,P.135,N.04
Sabah,SE-08,P.135,N.05
Sabah,SE-08,P.135,N.06
Sabah,SE-08,P.136,N.07
Sabah,SE-08,P.136,N.08
Sabah,SE-08,P.136,N.09
Sabah,SE-08,P.137,N.10
Sabah,SE-08,P.137,N.11
Sabah,SE-08,P.137,N.12
Sabah,SE-08,P.138,N.13
Sabah,SE-08,P.138,N.14
Sabah,SE-08,P.139,N.15
Sabah,SE-08,P.139,N.16
Sabah,SE-08,P.139,N.17
Sabah,SE-08,P.140,N.18
Sabah,SE-08,P.140,N.19
Sabah,SE-08,P.140,N.20
Sabah,SE-08,P.141,N.21
Sabah,SE-08,P.141,N.22
Sabah,SE-08,P.141,N.23
Sabah,SE-08,P.142,N.24
Sabah,SE-08,P.142,N.25
Sabah,SE-08,P.143,N.26
Sabah,SE-08,P.143,N.27
Sabah,SE-08,P.144,N.28
Sabah,SE-08,P.144,N.29
Sabah,SE-08,P.145,N.30
Sabah,SE-08,P.145,N.31
Sabah,SE-08,P.146,N.32
Sabah,SE-08,P.146,N.33
Sabah,SE-08,P.147,N.34
Sabah,SE-08,P.147,N.35
Sabah,SE-08,P.148,N.36
Sabah,SE-08,P.148,N.37
Sabah,SE-08,P.149,N.38
Sabah,SE-08,P.149,N.39
Sabah,SE-08,P.149,N.40
Sabah,SE-08,P.150,N.41
Sabah,SE-08,P.150,N.42
Sabah,SE-08,P.151,N.43
Sabah,SE-08,P.151,N.44
Sabah,SE-08,P.152,N.45
Sabah,SE-08,P.152,N.46
Sabah,SE-08,P.153,N.47
Sabah,SE-08,P.153,N.48
Sabah,SE-09,P.146,N.01
Sabah,SE-09,P.146,N.02
Sabah,SE-09,P.146,N.03
Sabah,SE-09,P.147,N.04
Sabah,SE-09,P.147,N.05
Sabah,SE-09,P.148,N.06
Sabah,SE-09,P.148,N.07
Sabah,SE-09,P.148,N.08
Sabah,SE-09,P.149,N.09
Sabah,SE-09,P.149,N.10
Sabah,SE-09,P.149,N.11
Sabah,SE-09,P.150,N.12
Sabah,SE-09,P.150,N.13
Sabah,SE-09,P.151,N.14
Sabah,SE-09,P.151,N.15
Sabah,SE-09,P.152,N.16
Sabah,SE-09,P.152,N.17
Sabah,SE-09,P.153,N.18
Sabah,SE-09,P.153,N.19
Sabah,SE-09,P.154,N.20
Sabah,SE-09,P.154,N.21
Sabah,SE-09,P.154,N.22
Sabah,SE-09,P.155,N.23
Sabah,SE-09,P.155,N.24
Sabah,SE-09,P.156,N.25
Sabah,SE-09,P.156,N.26
Sabah,SE-09,P.157,N.27
Sabah,SE-09,P.157,N.28
Sabah,SE-09,P.157,N.29
Sabah,SE-09,P.158,N.30
Sabah,SE-09,P.158,N.31
Sabah,SE-09,P.159,N.32
Sabah,SE-09,P.159,N.33
Sabah,SE-09,P.160,N.34
Sabah,SE-09,P.160,N.35
Sabah,SE-09,P.161,N.36
Sabah,SE-09,P.161,N.37
Sabah,SE-09,P.161,N.38
Sabah,SE-09,P.162,N.39
Sabah,SE-09,P.162,N.40
Sabah,SE-09,P.163,N.41
Sabah,SE-09,P.163,N.42
Sabah,SE-09,P.164,N.43
Sabah,SE-09,P.164,N.44
Sabah,SE-09,P.164,N.45
Sabah,SE-09,P.165,N.46
Sabah,SE-09,P.165,N.47
Sabah,SE-09,P.165,N.48
Sabah,SE-10,P.167,N.01
Sabah,SE-10,P.167,N.02
Sabah,SE-10,P.167,N.03
Sabah,SE-10,P.168,N.04
Sabah,SE-10,P.168,N.05
Sabah,SE-10,P.169,N.06
Sabah,SE-10,P.169,N.07
Sabah,SE-10,P.169,N.08
Sabah,SE-10,P.170,N.09
Sabah,SE-10,P.170,N.10
Sabah,SE-10,P.170,N.11
Sabah,SE-10,P.171,N.12
Sabah,SE-10,P.171,N.13
Sabah,SE-10,P.172,N.14
Sabah,SE-10,P.172,N.15
Sabah,SE-10,P.172,N.16
Sabah,SE-10,P.173,N.17
Sabah,SE-10,P.173,N.18
Sabah,SE-10,P.174,N.19
Sabah,SE-10,P.174,N.20
Sabah,SE-10,P.175,N.21
Sabah,SE-10,P.175,N.22
Sabah,SE-10,P.176,N.23
Sabah,SE-10,P.176,N.24
Sabah,SE-10,P.177,N.25
Sabah,SE-10,P.177,N.26
Sabah,SE-10,P.178,N.27
Sabah,SE-10,P.178,N.28
Sabah,SE-10,P.179,N.29
Sabah,SE-10,P.179,N.30
Sabah,SE-10,P.179,N.31
Sabah,SE-10,P.180,N.32
Sabah,SE-10,P.180,N.33
Sabah,SE-10,P.180,N.34
Sabah,SE-10,P.181,N.35
Sabah,SE-10,P.181,N.36
Sabah,SE-10,P.182,N.37
Sabah,SE-10,P.182,N.38
Sabah,SE-10,P.183,N.39
Sabah,SE-10,P.183,N.40
Sabah,SE-10,P.184,N.41
Sabah,SE-10,P.184,N.42
Sabah,SE-10,P.185,N.43
Sabah,SE-10,P.185,N.44
Sabah,SE-10,P.186,N.45
Sabah,SE-10,P.186,N.46
Sabah,SE-10,P.187,N.47
Sabah,SE-10,P.187,N.48
Sabah,SE-10,P.188,N.49
Sabah,SE-10,P.188,N.50
Sabah,SE-10,P.188,N.51
Sabah,SE-10,P.189,N.52
Sabah,SE-10,P.189,N.53
Sabah,SE-10,P.189,N.54
Sabah,SE-10,P.190,N.55
Sabah,SE-10,P.190,N.56
Sabah,SE-10,P.190,N.57
Sabah,SE-10,P.191,N.58
Sabah,SE-10,P.191,N.59
Sabah,SE-10,P.191,N.60
Sabah,SE-11,P.167,N.01
Sabah,SE-11,P.167,N.02
Sabah,SE-11,P.167,N.03
Sabah,SE-11,P.168,N.04
Sabah,SE-11,P.168,N.05
Sabah,SE-11,P.169,N.06
Sabah,SE-11,P.169,N.07
Sabah,SE-11,P.169,N.08
Sabah,SE-11,P.170,N.09
Sabah,SE-11,P.170,N.10
Sabah,SE-11,P.170,N.11
Sabah,SE-11,P.171,N.12
Sabah,SE-11,P.171,N.13
Sabah,SE-11,P.172,N.14
Sabah,SE-11,P.172,N.15
Sabah,SE-11,P.172,N.16
Sabah,SE-11,P.173,N.17
Sabah,SE-11,P.173,N.18
Sabah,SE-11,P.174,N.19
Sabah,SE-11,P.174,N.20
Sabah,SE-11,P.175,N.21
Sabah,SE-11,P.175,N.22
Sabah,SE-11,P.176,N.23
Sabah,SE-11,P.176,N.24
Sabah,SE-11,P.177,N.25
Sabah,SE-11,P.177,N.26
Sabah,SE-11,P.178,N.27
Sabah,SE-11,P.178,N.28
Sabah,SE-11,P.179,N.29
Sabah,SE-11,P.179,N.30
Sabah,SE-11,P.179,N.31
Sabah,SE-11,P.180,N.32
Sabah,SE-11,P.180,N.33
Sabah,SE-11,P.180,N.34
Sabah,SE-11,P.181,N.35
Sabah,SE-11,P.181,N.36
Sabah,SE-11,P.182,N.37
Sabah,SE-11,P.182,N.38
Sabah,SE-11,P.183,N.39
Sabah,SE-11,P.183,N.40
Sabah,SE-11,P.184,N.41
Sabah,SE-11,P.184,N.42
Sabah,SE-11,P.185,N.43
Sabah,SE-11,P.185,N.44
Sabah,SE-11,P.186,N.45
Sabah,SE-11,P.186,N.46
Sabah,SE-11,P.187,N.47
Sabah,SE-11,P.187,N.48
Sabah,SE-11,P.188,N.49
Sabah,SE-11,P.188,N.50
Sabah,SE-11,P.188,N.51
Sabah,SE-11,P.189,N.52
Sabah,SE-11,P.189,N.53
Sabah,SE-11,P.189,N.54
Sabah,SE-11,P.190,N.55
Sabah,SE-11,P.190,N.56
Sabah,SE-11,P.190,N.57
Sabah,SE-11,P.191,N.58
Sabah,SE-11,P.191,N.59
Sabah,SE-11,P.191,N.60
Sabah,SE-12,P.167,N.01
Sabah,SE-12,P.167,N.02
Sabah,SE-12,P.167,N.03
Sabah,SE-12,P.168,N.04
Sabah,SE-12,P.168,N.05
Sabah,SE-12,P.169,N.06
Sabah,SE-12,P.169,N.07
Sabah,SE-12,P.169,N.08
Sabah,SE-12,P.170,N.09
Sabah,SE-12,P.170,N.10
Sabah,SE-12,P.170,N.11
Sabah,SE-12,P.171,N.12
Sabah,SE-12,P.171,N.13
Sabah,SE-12,P.172,N.14
Sabah,SE-12,P.172,N.15
Sabah,SE-12,P.172,N.16
Sabah,SE-12,P.173,N.17
Sabah,SE-12,P.173,N.18
Sabah,SE-12,P.174,N.19
Sabah,SE-12,P.174,N.20
Sabah,SE-12,P.175,N.21
Sabah,SE-12,P.175,N.22
Sabah,SE-12,P.176,N.23
Sabah,SE-12,P.176,N.24
Sabah,SE-12,P.177,N.25
Sabah,SE-12,P.177,N.26
Sabah,SE-12,P.178,N.27
Sabah,SE-12,P.178,N.28
Sabah,SE-12,P.179,N.29
Sabah,SE-12,P.179,N.30
Sabah,SE-12,P.179,N.31
Sabah,SE-12,P.180,N.32
Sabah,SE-12,P.180,N.33
Sabah,SE-12,P.180,N.34
Sabah,SE-12,P.181,N.35
Sabah,SE-12,P.181,N.36
Sabah,SE-12,P.182,N.37
Sabah,SE-12,P.182,N.38
Sabah,SE-12,P.183,N.39
Sabah,SE-12,P.183,N.40
Sabah,SE-12,P.184,N.41
Sabah,SE-12,P.184,N.42
Sabah,SE-12,P.185,N.43
Sabah,SE-12,P.185,N.44
Sabah,SE-12,P.186,N.45
Sabah,SE-12,P.186,N.46
Sabah,SE-12,P.187,N.47
Sabah,SE-12,P.187,N.48
Sabah,SE-12,P.188,N.49
Sabah,SE-12,P.188,N.50
Sabah,SE-12,P.188,N.51
Sabah,SE-12,P.189,N.52
Sabah,SE-12,P.189,N.53
Sabah,SE-12,P.189,N.54
Sabah,SE-12,P.190,N.55
Sabah,SE-12,P.190,N.56
Sabah,SE-12,P.190,N.57
Sabah,SE-12,P.191,N.58
Sabah,SE-12,P.191,N.59
Sabah,SE-12,P.191,N.60
Sabah,SE-13,P.167,N.01
Sabah,SE-13,P.167,N.02
Sabah,SE-13,P.167,N.03
Sabah,SE-13,P.168,N.04
Sabah,SE-13,P.168,N.05
Sabah,SE-13,P.169,N.06
Sabah,SE-13,P.169,N.07
Sabah,SE-13,P.169,N.08
Sabah,SE-13,P.170,N.09
Sabah,SE-13,P.170,N.10
Sabah,SE-13,P.170,N.11
Sabah,SE-13,P.171,N.12
Sabah,SE-13,P.171,N.13
Sabah,SE-13,P.172,N.14
Sabah,SE-13,P.172,N.15
Sabah,SE-13,P.172,N.16
Sabah,SE-13,P.173,N.17
Sabah,SE-13,P.173,N.18
Sabah,SE-13,P.174,N.19
Sabah,SE-13,P.174,N.20
Sabah,SE-13,P.175,N.21
Sabah,SE-13,P.175,N.22
Sabah,SE-13,P.176,N.23
Sabah,SE-13,P.176,N.24
Sabah,SE-13,P.177,N.25
Sabah,SE-13,P.177,N.26
Sabah,SE-13,P.178,N.27
Sabah,SE-13,P.178,N.28
Sabah,SE-13,P.179,N.29
Sabah,SE-13,P.179,N.30
Sabah,SE-13,P.179,N.31
Sabah,SE-13,P.180,N.32
Sabah,SE-13,P.180,N.33
Sabah,SE-13,P.180,N.34
Sabah,SE-13,P.181,N.35
Sabah,SE-13,P.181,N.36
Sabah,SE-13,P.182,N.37
Sabah,SE-13,P.182,N.38
Sabah,SE-13,P.183,N.39
Sabah,SE-13,P.183,N.40
Sabah,SE-13,P.184,N.41
Sabah,SE-13,P.184,N.42
Sabah,SE-13,P.185,N.43
Sabah,SE-13,P.185,N.44
Sabah,SE-13,P.186,N.45
Sabah,SE-13,P.186,N.46
Sabah,SE-13,P.187,N.47
Sabah,SE-13,P.187,N.48
Sabah,SE-13,P.188,N.49
Sabah,SE-13,P.188,N.50
Sabah,SE-13,P.188,N.51
Sabah,SE-13,P.189,N.52
Sabah,SE-13,P.189,N.53
Sabah,SE-13,P.189,N.54
Sabah,SE-13,P.190,N.55
Sabah,SE-13,P.190,N.56
Sabah,SE-13,P.190,N.57
Sabah,SE-13,P.191,N.58
Sabah,SE-13,P.191,N.59
Sabah,SE-13,P.191,N.60
Sabah,SE-14,P.167,N.01
Sabah,SE-14,P.167,N.02
Sabah,SE-14,P.167,N.03
Sabah,SE-14,P.167,N.04
Sabah,SE-14,P.168,N.05
Sabah,SE-14,P.168,N.06
Sabah,SE-14,P.168,N.07
Sabah,SE-14,P.169,N.08
Sabah,SE-14,P.169,N.09
Sabah,SE-14,P.169,N.10
Sabah,SE-14,P.169,N.11
Sabah,SE-14,P.170,N.12
Sabah,SE-14,P.170,N.13
Sabah,SE-14,P.170,N.14
Sabah,SE-14,P.170,N.15
Sabah,SE-14,P.171,N.16
Sabah,SE-14,P.171,N.17
Sabah,SE-14,P.171,N.18
Sabah,SE-14,P.172,N.19
Sabah,SE-14,P.172,N.20
Sabah,SE-14,P.172,N.21
Sabah,SE-14,P.173,N.22
Sabah,SE-14,P.173,N.23
Sabah,SE-14,P.173,N.24
Sabah,SE-14,P.174,N.25
Sabah,SE-14,P.174,N.26
Sabah,SE-14,P.175,N.27
Sabah,SE-14,P.175,N.28
Sabah,SE-14,P.175,N.29
Sabah,SE-14,P.176,N.30
Sabah,SE-14,P.176,N.31
Sabah,SE-14,P.177,N.32
Sabah,SE-14,P.177,N.33
Sabah,SE-14,P.178,N.34
Sabah,SE-14,P.178,N.35
Sabah,SE-14,P.179,N.36
Sabah,SE-14,P.179,N.37
Sabah,SE-14,P.179,N.38
Sabah,SE-14,P.180,N.39
Sabah,SE-14,P.180,N.40
Sabah,SE-14,P.180,N.41
Sabah,SE-14,P.181,N.42
Sabah,SE-14,P.181,N.43
Sabah,SE-14,P.182,N.44
Sabah,SE-14,P.182,N.45
Sabah,SE-14,P.182,N.46
Sabah,SE-14,P.183,N.47
Sabah,SE-14,P.183,N.48
Sabah,SE-14,P.183,N.49
Sabah,SE-14,P.184,N.50
Sabah,SE-14,P.184,N.51
Sabah,SE-14,P.184,N.52
Sabah,SE-14,P.185,N.53
Sabah,SE-14,P.185,N.54
Sabah,SE-14,P.186,N.55
Sabah,SE-14,P.186,N.56
Sabah,SE-14,P.187,N.57
Sabah,SE-14,P.187,N.58
Sabah,SE-14,P.187,N.59
Sabah,SE-14,P.188,N.60
Sabah,SE-14,P.188,N.61
Sabah,SE-14,P.188,N.62
Sabah,SE-14,P.188,N.63
Sabah,SE-14,P.189,N.64
Sabah,SE-14,P.189,N.65
Sabah,SE-14,P.189,N.66
Sabah,SE-14,P.190,N.67
Sabah,SE-14,P.190,N.68
Sabah,SE-14,P.190,N.69
Sabah,SE-14,P.191,N.70
Sabah,SE-14,P.191,N.71
Sabah,SE-14,P.191,N.72
Sabah,SE-14,P.191,N.73
Sabah,SE-15,P.167,N.01
Sabah,SE-15,P.167,N.02
Sabah,SE-15,P.167,N.03
Sabah,SE-15,P.167,N.04
Sabah,SE-15,P.168,N.05
Sabah,SE-15,P.168,N.06
Sabah,SE-15,P.168,N.07
Sabah,SE-15,P.169,N.08
Sabah,SE-15,P.169,N.09
Sabah,SE-15,P.169,N.10
Sabah,SE-15,P.169,N.11
Sabah,SE-15,P.170,N.12
Sabah,SE-15,P.170,N.13
Sabah,SE-15,P.170,N.14
Sabah,SE-15,P.170,N.15
Sabah,SE-15,P.171,N.16
Sabah,SE-15,P.171,N.17
Sabah,SE-15,P.171,N.18
Sabah,SE-15,P.172,N.19
Sabah,SE-15,P.172,N.20
Sabah,SE-15,P.172,N.21
Sabah,SE-15,P.173,N.22
Sabah,SE-15,P.173,N.23
Sabah,SE-15,P.173,N.24
Sabah,SE-15,P.174,N.25
Sabah,SE-15,P.174,N.26
Sabah,SE-15,P.175,N.27
Sabah,SE-15,P.175,N.28
Sabah,SE-15,P.175,N.29
Sabah,SE-15,P.176,N.30
Sabah,SE-15,P.176,N.31
Sabah,SE-15,P.177,N.32
Sabah,SE-15,P.177,N.33
Sabah,SE-15,P.178,N.34
Sabah,SE-15,P.178,N.35
Sabah,SE-15,P.179,N.36
Sabah,SE-15,P.179,N.37
Sabah,SE-15,P.179,N.38
Sabah,SE-15,P.180,N.39
Sabah,SE-15,P.180,N.40
Sabah,SE-15,P.180,N.41
Sabah,SE-15,P.181,N.42
Sabah,SE-15,P.181,N.43
Sabah,SE-15,P.182,N.44
Sabah,SE-15,P.182,N.45
Sabah,SE-15,P.182,N.46
Sabah,SE-15,P.183,N.47
Sabah,SE-15,P.183,N.48
Sabah,SE-15,P.183,N.49
Sabah,SE-15,P.184,N.50
Sabah,SE-15,P.184,N.51
Sabah,SE-15,P.184,N.52
Sabah,SE-15,P.185,N.53
Sabah,SE-15,P.185,N.54
Sabah,SE-15,P.186,N.55
Sabah,SE-15,P.186,N.56
Sabah,SE-15,P.187,N.57
Sabah,SE-15,P.187,N.58
Sabah,SE-15,P.187,N.59
Sabah,SE-15,P.188,N.60
Sabah,SE-15,P.188,N.61
Sabah,SE-15,P.188,N.62
Sabah,SE-15,P.188,N.63
Sabah,SE-15,P.189,N.64
Sabah,SE-15,P.189,N.65
Sabah,SE-15,P.189,N.66
Sabah,SE-15,P.190,N.67
Sabah,SE-15,P.190,N.68
Sabah,SE-15,P.190,N.69
Sabah,SE-15,P.191,N.70
Sabah,SE-15,P.191,N.71
Sabah,SE-15,P.191,N.72
Sabah,SE-15,P.191,N.73
Sarawak,SE-01,P.121,N.01
Sarawak,SE-01,P.121,N.02
Sarawak,SE-01,P.122,N.03
Sarawak,SE-01,P.122,N.04
Sarawak,SE-01,P.123,N.05
Sarawak,SE-01,P.123,N.06
Sarawak,SE-01,P.124,N.07
Sarawak,SE-01,P.124,N.08
Sarawak,SE-01,P.125,N.09
Sarawak,SE-01,P.125,N.10
Sarawak,SE-01,P.126,N.11
Sarawak,SE-01,P.126,N.12
Sarawak,SE-01,P.127,N.13
Sarawak,SE-01,P.127,N.14
Sarawak,SE-01,P.128,N.15
Sarawak,SE-01,P.128,N.16
Sarawak,SE-01,P.129,N.17
Sarawak,SE-01,P.129,N.18
Sarawak,SE-01,P.130,N.19
Sarawak,SE-01,P.130,N.20
Sarawak,SE-01,P.131,N.21
Sarawak,SE-01,P.131,N.22
Sarawak,SE-01,P.132,N.23
Sarawak,SE-01,P.132,N.24
Sarawak,SE-01,P.133,N.25
Sarawak,SE-01,P.133,N.26
Sarawak,SE-01,P.134,N.27
Sarawak,SE-01,P.134,N.28
Sarawak,SE-01,P.135,N.29
Sarawak,SE-01,P.135,N.30
Sarawak,SE-01,P.136,N.31
Sarawak,SE-01,P.136,N.32
Sarawak,SE-01,P.137,N.33
Sarawak,SE-01,P.137,N.34
Sarawak,SE-01,P.138,N.35
Sarawak,SE-01,P.138,N.36
Sarawak,SE-01,P.139,N.37
Sarawak,SE-01,P.139,N.38
Sarawak,SE-01,P.140,N.39
Sarawak,SE-01,P.140,N.40
Sarawak,SE-01,P.141,N.41
Sarawak,SE-01,P.141,N.42
Sarawak,SE-01,P.142,N.43
Sarawak,SE-01,P.142,N.44
Sarawak,SE-01,P.143,N.45
Sarawak,SE-01,P.143,N.46
Sarawak,SE-01,P.144,N.47
Sarawak,SE-01,P.144,N.48
Sarawak,SE-02,P.131,N.01
Sarawak,SE-02,P.131,N.02
Sarawak,SE-02,P.132,N.03
Sarawak,SE-02,P.132,N.04
Sarawak,SE-02,P.133,N.05
Sarawak,SE-02,P.133,N.06
Sarawak,SE-02,P.134,N.07
Sarawak,SE-02,P.134,N.08
Sarawak,SE-02,P.135,N.09
Sarawak,SE-02,P.135,N.10
Sarawak,SE-02,P.136,N.11
Sarawak,SE-02,P.136,N.12
Sarawak,SE-02,P.137,N.13
Sarawak,SE-02,P.137,N.14
Sarawak,SE-02,P.138,N.15
Sarawak,SE-02,P.138,N.16
Sarawak,SE-02,P.139,N.17
Sarawak,SE-02,P.139,N.18
Sarawak,SE-02,P.140,N.19
Sarawak,SE-02,P.140,N.20
Sarawak,SE-02,P.141,N.21
Sarawak,SE-02,P.141,N.22
Sarawak,SE-02,P.142,N.23
Sarawak,SE-02,P.142,N.24
Sarawak,SE-02,P.143,N.25
Sarawak,SE-02,P.143,N.26
Sarawak,SE-02,P.144,N.27
Sarawak,SE-02,P.144,N.28
Sarawak,SE-02,P.145,N.29
Sarawak,SE-02,P.145,N.30
Sarawak,SE-02,P.146,N.31
Sarawak,SE-02,P.146,N.32
Sarawak,SE-02,P.147,N.33
Sarawak,SE-02,P.147,N.34
Sarawak,SE-02,P.148,N.35
Sarawak,SE-02,P.148,N.36
Sarawak,SE-02,P.149,N.37
Sarawak,SE-02,P.149,N.38
Sarawak,SE-02,P.150,N.39
Sarawak,SE-02,P.150,N.40
Sarawak,SE-02,P.151,N.41
Sarawak,SE-02,P.151,N.42
Sarawak,SE-02,P.152,N.43
Sarawak,SE-02,P.152,N.44
Sarawak,SE-02,P.153,N.45
Sarawak,SE-02,P.153,N.46
Sarawak,SE-02,P.154,N.47
Sarawak,SE-02,P.154,N.48
Sarawak,SE-03,P.131,N.01
Sarawak,SE-03,P.131,N.02
Sarawak,SE-03,P.132,N.03
Sarawak,SE-03,P.132,N.04
Sarawak,SE-03,P.133,N.05
Sarawak,SE-03,P.133,N.06
Sarawak,SE-03,P.134,N.07
Sarawak,SE-03,P.134,N.08
Sarawak,SE-03,P.135,N.09
Sarawak,SE-03,P.135,N.10
Sarawak,SE-03,P.136,N.11
Sarawak,SE-03,P.136,N.12
Sarawak,SE-03,P.137,N.13
Sarawak,SE-03,P.137,N.14
Sarawak,SE-03,P.138,N.15
Sarawak,SE-03,P.138,N.16
Sarawak,SE-03,P.139,N.17
Sarawak,SE-03,P.139,N.18
Sarawak,SE-03,P.140,N.19
Sarawak,SE-03,P.140,N.20
Sarawak,SE-03,P.141,N.21
Sarawak,SE-03,P.141,N.22
Sarawak,SE-03,P.142,N.23
Sarawak,SE-03,P.142,N.24
Sarawak,SE-03,P.143,N.25
Sarawak,SE-03,P.143,N.26
Sarawak,SE-03,P.144,N.27
Sarawak,SE-03,P.144,N.28
Sarawak,SE-03,P.145,N.29
Sarawak,SE-03,P.145,N.30
Sarawak,SE-03,P.146,N.31
Sarawak,SE-03,P.146,N.32
Sarawak,SE-03,P.147,N.33
Sarawak,SE-03,P.147,N.34
Sarawak,SE-03,P.148,N.35
Sarawak,SE-03,P.148,N.36
Sarawak,SE-03,P.149,N.37
Sarawak,SE-03,P.149,N.38
Sarawak,SE-03,P.150,N.39
Sarawak,SE-03,P.150,N.40
Sarawak,SE-03,P.151,N.41
Sarawak,SE-03,P.151,N.42
Sarawak,SE-03,P.152,N.43
Sarawak,SE-03,P.152,N.44
Sarawak,SE-03,P.153,N.45
Sarawak,SE-03,P.153,N.46
Sarawak,SE-03,P.154,N.47
Sarawak,SE-03,P.154,N.48
Sarawak,SE-04,P.131,N.01
Sarawak,SE-04,P.131,N.02
Sarawak,SE-04,P.132,N.03
Sarawak,SE-04,P.132,N.04
Sarawak,SE-04,P.133,N.05
Sarawak,SE-04,P.133,N.06
Sarawak,SE-04,P.134,N.07
Sarawak,SE-04,P.134,N.08
Sarawak,SE-04,P.135,N.09
Sarawak,SE-04,P.135,N.10
Sarawak,SE-04,P.136,N.11
Sarawak,SE-04,P.136,N.12
Sarawak,SE-04,P.137,N.13
Sarawak,SE-04,P.137,N.14
Sarawak,SE-04,P.138,N.15
Sarawak,SE-04,P.138,N.16
Sarawak,SE-04,P.139,N.17
Sarawak,SE-04,P.139,N.18
Sarawak,SE-04,P.140,N.19
Sarawak,SE-04,P.140,N.20
Sarawak,SE-04,P.141,N.21
Sarawak,SE-04,P.141,N.22
Sarawak,SE-04,P.142,N.23
Sarawak,SE-04,P.142,N.24
Sarawak,SE-04,P.143,N.25
Sarawak,SE-04,P.143,N.26
Sarawak,SE-04,P.144,N.27
Sarawak,SE-04,P.144,N.28
Sarawak,SE-04,P.145,N.29
Sarawak,SE-04,P.145,N.30
Sarawak,SE-04,P.146,N.31
Sarawak,SE-04,P.146,N.32
Sarawak,SE-04,P.147,N.33
Sarawak,SE-04,P.147,N.34
Sarawak,SE-04,P.148,N.35
Sarawak,SE-04,P.148,N.36
Sarawak,SE-04,P.149,N.37
Sarawak,SE-04,P.149,N.38
Sarawak,SE-04,P.150,N.39
Sarawak,SE-04,P.150,N.40
Sarawak,SE-04,P.151,N.41
Sarawak,SE-04,P.151,N.42
Sarawak,SE-04,P.152,N.43
Sarawak,SE-04,P.152,N.44
Sarawak,SE-04,P.153,N.45
Sarawak,SE-04,P.153,N.46
Sarawak,SE-04,P.154,N.47
Sarawak,SE-04,P.154,N.48
Sarawak,SE-05,P.154,N.01
Sarawak,SE-05,P.154,N.02
Sarawak,SE-05,P.155,N.03
Sarawak,SE-05,P.155,N.04
Sarawak,SE-05,P.156,N.05
Sarawak,SE-05,P.156,N.06
Sarawak,SE-05,P.157,N.07
Sarawak,SE-05,P.157,N.08
Sarawak,SE-05,P.158,N.09
Sarawak,SE-05,P.158,N.10
Sarawak,SE-05,P.159,N.11
Sarawak,SE-05,P.159,N.12
Sarawak,SE-05,P.160,N.13
Sarawak,SE-05,P.160,N.14
Sarawak,SE-05,P.161,N.15
Sarawak,SE-05,P.161,N.16
Sarawak,SE-05,P.162,N.17
Sarawak,SE-05,P.162,N.18
Sarawak,SE-05,P.163,N.19
Sarawak,SE-05,P.163,N.20
Sarawak,SE-05,P.164,N.21
Sarawak,SE-05,P.164,N.22
Sarawak,SE-05,P.165,N.23
Sarawak,SE-05,P.165,N.24
Sarawak,SE-05,P.166,N.25
Sarawak,SE-05,P.166,N.26
Sarawak,SE-05,P.167,N.27
Sarawak,SE-05,P.167,N.28
Sarawak,SE-05,P.168,N.29
Sarawak,SE-05,P.168,N.30
Sarawak,SE-05,P.169,N.31
Sarawak,SE-05,P.169,N.32
Sarawak,SE-05,P.170,N.33
Sarawak,SE-05,P.170,N.34
Sarawak,SE-05,P.171,N.35
Sarawak,SE-05,P.171,N.36
Sarawak,SE-05,P.172,N.37
Sarawak,SE-05,P.172,N.38
Sarawak,SE-05,P.173,N.39
Sarawak,SE-05,P.173,N.40
Sarawak,SE-05,P.174,N.41
Sarawak,SE-05,P.174,N.42
Sarawak,SE-05,P.175,N.43
Sarawak,SE-05,P.175,N.44
Sarawak,SE-05,P.176,N.45
Sarawak,SE-05,P.176,N.46
Sarawak,SE-05,P.177,N.47
Sarawak,SE-05,P.177,N.48
Sarawak,SE-06,P.154,N.01
Sarawak,SE-06,P.154,N.02
Sarawak,SE-06,P.155,N.03
Sarawak,SE-06,P.155,N.04
Sarawak,SE-06,P.156,N.05
Sarawak,SE-06,P.156,N.06
Sarawak,SE-06,P.157,N.07
Sarawak,SE-06,P.157,N.08
Sarawak,SE-06,P.157,N.09
Sarawak,SE-06,P.158,N.10
Sarawak,SE-06,P.158,N.11
Sarawak,SE-06,P.159,N.12
Sarawak,SE-06,P.159,N.13
Sarawak,SE-06,P.160,N.14
Sarawak,SE-06,P.160,N.15
Sarawak,SE-06,P.161,N.16
Sarawak,SE-06,P.161,N.17
Sarawak,SE-06,P.162,N.18
Sarawak,SE-06,P.162,N.19
Sarawak,SE-06,P.163,N.20
Sarawak,SE-06,P.163,N.21
Sarawak,SE-06,P.164,N.22
Sarawak,SE-06,P.164,N.23
Sarawak,SE-06,P.165,N.24
Sarawak,SE-06,P.165,N.25
Sarawak,SE-06,P.166,N.26
Sarawak,SE-06,P.166,N.27
Sarawak,SE-06,P.167,N.28
Sarawak,SE-06,P.167,N.29
Sarawak,SE-06,P.167,N.30
Sarawak,SE-06,P.168,N.31
Sarawak,SE-06,P.168,N.32
Sarawak,SE-06,P.169,N.33
Sarawak,SE-06,P.169,N.34
Sarawak,SE-06,P.170,N.35
Sarawak,SE-06,P.170,N.36
Sarawak,SE-06,P.171,N.37
Sarawak,SE-06,P.171,N.38
Sarawak,SE-06,P.172,N.39
Sarawak,SE-06,P.172,N.40
Sarawak,SE-06,P.173,N.41
Sarawak,SE-06,P.173,N.42
Sarawak,SE-06,P.174,N.43
Sarawak,SE-06,P.174,N.44
Sarawak,SE-06,P.175,N.45
Sarawak,SE-06,P.175,N.46
Sarawak,SE-06,P.176,N.47
Sarawak,SE-06,P.176,N.48
Sarawak,SE-06,P.177,N.49
Sarawak,SE-06,P.177,N.50
Sarawak,SE-06,P.178,N.51
Sarawak,SE-06,P.178,N.52
Sarawak,SE-06,P.179,N.53
Sarawak,SE-06,P.179,N.54
Sarawak,SE-06,P.180,N.55
Sarawak,SE-06,P.180,N.56
Sarawak,SE-07,P.166,N.01
Sarawak,SE-07,P.166,N.02
Sarawak,SE-07,P.167,N.03
Sarawak,SE-07,P.167,N.04
Sarawak,SE-07,P.168,N.05
Sarawak,SE-07,P.168,N.06
Sarawak,SE-07,P.168,N.07
Sarawak,SE-07,P.169,N.08
Sarawak,SE-07,P.169,N.09
Sarawak,SE-07,P.170,N.10
Sarawak,SE-07,P.170,N.11
Sarawak,SE-07,P.171,N.12
Sarawak,SE-07,P.171,N.13
Sarawak,SE-07,P.172,N.14
Sarawak,SE-07,P.172,N.15
Sarawak,SE-07,P.173,N.16
Sarawak,SE-07,P.173,N.17
Sarawak,SE-07,P.174,N.18
Sarawak,SE-07,P.174,N.19
Sarawak,SE-07,P.175,N.20
Sarawak,SE-07,P.175,N.21
Sarawak,SE-07,P.176,N.22
Sarawak,SE-07,P.176,N.23
Sarawak,SE-07,P.177,N.24
Sarawak,SE-07,P.177,N.25
Sarawak,SE-07,P.178,N.26
Sarawak,SE-07,P.178,N.27
Sarawak,SE-07,P.179,N.28
Sarawak,SE-07,P.179,N.29
Sarawak,SE-07,P.180,N.30
Sarawak,SE-07,P.180,N.31
Sarawak,SE-07,P.180,N.32
Sarawak,SE-07,P.181,N.33
Sarawak,SE-07,P.181,N.34
Sarawak,SE-07,P.182,N.35
Sarawak,SE-07,P.182,N.36
Sarawak,SE-07,P.183,N.37
Sarawak,SE-07,P.183,N.38
Sarawak,SE-07,P.184,N.39
Sarawak,SE-07,P.184,N.40
Sarawak,SE-07,P.185,N.41
Sarawak,SE-07,P.185,N.42
Sarawak,SE-07,P.185,N.43
Sarawak,SE-07,P.186,N.44
Sarawak,SE-07,P.186,N.45
Sarawak,SE-07,P.187,N.46
Sarawak,SE-07,P.187,N.47
Sarawak,SE-07,P.188,N.48
Sarawak,SE-07,P.188,N.49
Sarawak,SE-07,P.189,N.50
Sarawak,SE-07,P.189,N.51
Sarawak,SE-07,P.190,N.52
Sarawak,SE-07,P.190,N.53
Sarawak,SE-07,P.190,N.54
Sarawak,SE-07,P.191,N.55
Sarawak,SE-07,P.191,N.56
Sarawak,SE-07,P.191,N.57
Sarawak,SE-07,P.192,N.58
Sarawak,SE-07,P.192,N.59
Sarawak,SE-07,P.193,N.60
Sarawak,SE-07,P.193,N.61
Sarawak,SE-07,P.193,N.62
Sarawak,SE-08,P.166,N.01
Sarawak,SE-08,P.166,N.02
Sarawak,SE-08,P.167,N.03
Sarawak,SE-08,P.167,N.04
Sarawak,SE-08,P.168,N.05
Sarawak,SE-08,P.168,N.06
Sarawak,SE-08,P.168,N.07
Sarawak,SE-08,P.169,N.08
Sarawak,SE-08,P.169,N.09
Sarawak,SE-08,P.170,N.10
Sarawak,SE-08,P.170,N.11
Sarawak,SE-08,P.171,N.12
Sarawak,SE-08,P.171,N.13
Sarawak,SE-08,P.172,N.14
Sarawak,SE-08,P.172,N.15
Sarawak,SE-08,P.173,N.16
Sarawak,SE-08,P.173,N.17
Sarawak,SE-08,P.174,N.18
Sarawak,SE-08,P.174,N.19
Sarawak,SE-08,P.175,N.20
Sarawak,SE-08,P.175,N.21
Sarawak,SE-08,P.176,N.22
Sarawak,SE-08,P.176,N.23
Sarawak,SE-08,P.177,N.24
Sarawak,SE-08,P.177,N.25
Sarawak,SE-08,P.178,N.26
Sarawak,SE-08,P.178,N.27
Sarawak,SE-08,P.179,N.28
Sarawak,SE-08,P.179,N.29
Sarawak,SE-08,P.180,N.30
Sarawak,SE-08,P.180,N.31
Sarawak,SE-08,P.180,N.32
Sarawak,SE-08,P.181,N.33
Sarawak,SE-08,P.181,N.34
Sarawak,SE-08,P.182,N.35
Sarawak,SE-08,P.182,N.36
Sarawak,SE-08,P.183,N.37
Sarawak,SE-08,P.183,N.38
Sarawak,SE-08,P.184,N.39
Sarawak,SE-08,P.184,N.40
Sarawak,SE-08,P.185,N.41
Sarawak,SE-08,P.185,N.42
Sarawak,SE-08,P.185,N.43
Sarawak,SE-08,P.186,N.44
Sarawak,SE-08,P.186,N.45
Sarawak,SE-08,P.187,N.46
Sarawak,SE-08,P.187,N.47
Sarawak,SE-08,P.188,N.48
Sarawak,SE-08,P.188,N.49
Sarawak,SE-08,P.189,N.50
Sarawak,SE-08,P.189,N.51
Sarawak,SE-08,P.190,N.52
Sarawak,SE-08,P.190,N.53
Sarawak,SE-08,P.190,N.54
Sarawak,SE-08,P.191,N.55
Sarawak,SE-08,P.191,N.56
Sarawak,SE-08,P.191,N.57
Sarawak,SE-08,P.192,N.58
Sarawak,SE-08,P.192,N.59
Sarawak,SE-08,P.193,N.60
Sarawak,SE-08,P.193,N.61
Sarawak,SE-08,P.193,N.62
Sarawak,SE-09,P.192,N.01
Sarawak,SE-09,P.192,N.02
Sarawak,SE-09,P.193,N.03
Sarawak,SE-09,P.193,N.04
Sarawak,SE-09,P.193,N.05
Sarawak,SE-09,P.194,N.06
Sarawak,SE-09,P.194,N.07
Sarawak,SE-09,P.194,N.08
Sarawak,SE-09,P.195,N.09
Sarawak,SE-09,P.195,N.10
Sarawak,SE-09,P.196,N.11
Sarawak,SE-09,P.196,N.12
Sarawak,SE-09,P.196,N.13
Sarawak,SE-09,P.197,N.14
Sarawak,SE-09,P.197,N.15
Sarawak,SE-09,P.198,N.16
Sarawak,SE-09,P.198,N.17
Sarawak,SE-09,P.199,N.18
Sarawak,SE-09,P.199,N.19
Sarawak,SE-09,P.200,N.20
Sarawak,SE-09,P.200,N.21
Sarawak,SE-09,P.201,N.22
Sarawak,SE-09,P.201,N.23
Sarawak,SE-09,P.201,N.24
Sarawak,SE-09,P.202,N.25
Sarawak,SE-09,P.202,N.26
Sarawak,SE-09,P.202,N.27
Sarawak,SE-09,P.203,N.28
Sarawak,SE-09,P.203,N.29
Sarawak,SE-09,P.204,N.30
Sarawak,SE-09,P.204,N.31
Sarawak,SE-09,P.204,N.32
Sarawak,SE-09,P.205,N.33
Sarawak,SE-09,P.205,N.34
Sarawak,SE-09,P.206,N.35
Sarawak,SE-09,P.206,N.36
Sarawak,SE-09,P.207,N.37
Sarawak,SE-09,P.207,N.38
Sarawak,SE-09,P.208,N.39
Sarawak,SE-09,P.208,N.40
Sarawak,SE-09,P.209,N.41
Sarawak,SE-09,P.209,N.42
Sarawak,SE-09,P.210,N.43
Sarawak,SE-09,P.210,N.44
Sarawak,SE-09,P.211,N.45
Sarawak,SE-09,P.211,N.46
Sarawak,SE-09,P.212,N.47
Sarawak,SE-09,P.212,N.48
Sarawak,SE-09,P.212,N.49
Sarawak,SE-09,P.213,N.50
Sarawak,SE-09,P.213,N.51
Sarawak,SE-09,P.214,N.52
Sarawak,SE-09,P.214,N.53
Sarawak,SE-09,P.215,N.54
Sarawak,SE-09,P.215,N.55
Sarawak,SE-09,P.216,N.56
Sarawak,SE-09,P.216,N.57
Sarawak,SE-09,P.217,N.58
Sarawak,SE-09,P.217,N.59
Sarawak,SE-09,P.217,N.60
Sarawak,SE-09,P.218,N.61
Sarawak,SE-09,P.218,N.62
Sarawak,SE-09,P.219,N.63
Sarawak,SE-09,P.219,N.64
Sarawak,SE-09,P.219,N.65
Sarawak,SE-09,P.220,N.66
Sarawak,SE-09,P.220,N.67
Sarawak,SE-09,P.221,N.68
Sarawak,SE-09,P.221,N.69
Sarawak,SE-09,P.222,N.70
Sarawak,SE-09,P.222,N.71
Sarawak,SE-10,P.192,N.01
Sarawak,SE-10,P.192,N.02
Sarawak,SE-10,P.193,N.03
Sarawak,SE-10,P.193,N.04
Sarawak,SE-10,P.193,N.05
Sarawak,SE-10,P.194,N.06
Sarawak,SE-10,P.194,N.07
Sarawak,SE-10,P.194,N.08
Sarawak,SE-10,P.195,N.09
Sarawak,SE-10,P.195,N.10
Sarawak,SE-10,P.196,N.11
Sarawak,SE-10,P.196,N.12
Sarawak,SE-10,P.196,N.13
Sarawak,SE-10,P.197,N.14
Sarawak,SE-10,P.197,N.15
Sarawak,SE-10,P.198,N.16
Sarawak,SE-10,P.198,N.17
Sarawak,SE-10,P.199,N.18
Sarawak,SE-10,P.199,N.19
Sarawak,SE-10,P.200,N.20
Sarawak,SE-10,P.200,N.21
Sarawak,SE-10,P.201,N.22
Sarawak,SE-10,P.201,N.23
Sarawak,SE-10,P.201,N.24
Sarawak,SE-10,P.202,N.25
Sarawak,SE-10,P.202,N.26
Sarawak,SE-10,P.202,N.27
Sarawak,SE-10,P.203,N.28
Sarawak,SE-10,P.203,N.29
Sarawak,SE-10,P.204,N.30
Sarawak,SE-10,P.204,N.31
Sarawak,SE-10,P.204,N.32
Sarawak,SE-10,P.205,N.33
Sarawak,SE-10,P.205,N.34
Sarawak,SE-10,P.206,N.35
Sarawak,SE-10,P.206,N.36
Sarawak,SE-10,P.207,N.37
Sarawak,SE-10,P.207,N.38
Sarawak,SE-10,P.208,N.39
Sarawak,SE-10,P.208,N.40
Sarawak,SE-10,P.209,N.41
Sarawak,SE-10,P.209,N.42
Sarawak,SE-10,P.210,N.43
Sarawak,SE-10,P.210,N.44
Sarawak,SE-10,P.211,N.45
Sarawak,SE-10,P.211,N.46
Sarawak,SE-10,P.212,N.47
Sarawak,SE-10,P.212,N.48
Sarawak,SE-10,P.212,N.49
Sarawak,SE-10,P.213,N.50
Sarawak,SE-10,P.213,N.51
Sarawak,SE-10,P.214,N.52
Sarawak,SE-10,P.214,N.53
Sarawak,SE-10,P.215,N.54
Sarawak,SE-10,P.215,N.55
Sarawak,SE-10,P.216,N.56
Sarawak,SE-10,P.216,N.57
Sarawak,SE-10,P.217,N.58
Sarawak,SE-10,P.217,N.59
Sarawak,SE-10,P.217,N.60
Sarawak,SE-10,P.218,N.61
Sarawak,SE-10,P.218,N.62
Sarawak,SE-10,P.219,N.63
Sarawak,SE-10,P.219,N.64
Sarawak,SE-10,P.219,N.65
Sarawak,SE-10,P.220,N.66
Sarawak,SE-10,P.220,N.67
Sarawak,SE-10,P.221,N.68
Sarawak,SE-10,P.221,N.69
Sarawak,SE-10,P.222,N.70
Sarawak,SE-10,P.222,N.71
Sarawak,SE-11,P.192,N.01
Sarawak,SE-11,P.192,N.02
Sarawak,SE-11,P.193,N.03
Sarawak,SE-11,P.193,N.04
Sarawak,SE-11,P.193,N.05
Sarawak,SE-11,P.194,N.06
Sarawak,SE-11,P.194,N.07
Sarawak,SE-11,P.194,N.08
Sarawak,SE-11,P.195,N.09
Sarawak,SE-11,P.195,N.10
Sarawak,SE-11,P.195,N.11
Sarawak,SE-11,P.196,N.12
Sarawak,SE-11,P.196,N.13
Sarawak,SE-11,P.196,N.14
Sarawak,SE-11,P.197,N.15
Sarawak,SE-11,P.197,N.16
Sarawak,SE-11,P.197,N.17
Sarawak,SE-11,P.198,N.18
Sarawak,SE-11,P.198,N.19
Sarawak,SE-11,P.198,N.20
Sarawak,SE-11,P.199,N.21
Sarawak,SE-11,P.199,N.22
Sarawak,SE-11,P.199,N.23
Sarawak,SE-11,P.200,N.24
Sarawak,SE-11,P.200,N.25
Sarawak,SE-11,P.200,N.26
Sarawak,SE-11,P.201,N.27
Sarawak,SE-11,P.201,N.28
Sarawak,SE-11,P.201,N.29
Sarawak,SE-11,P.202,N.30
Sarawak,SE-11,P.202,N.31
Sarawak,SE-11,P.202,N.32
Sarawak,SE-11,P.203,N.33
Sarawak,SE-11,P.203,N.34
Sarawak,SE-11,P.204,N.35
Sarawak,SE-11,P.204,N.36
Sarawak,SE-11,P.204,N.37
Sarawak,SE-11,P.205,N.38
Sarawak,SE-11,P.205,N.39
Sarawak,SE-11,P.205,N.40
Sarawak,SE-11,P.206,N.41
Sarawak,SE-11,P.206,N.42
Sarawak,SE-11,P.207,N.43
Sarawak,SE-11,P.207,N.44
Sarawak,SE-11,P.208,N.45
Sarawak,SE-11,P.208,N.46
Sarawak,SE-11,P.209,N.47
Sarawak,SE-11,P.209,N.48
Sarawak,SE-11,P.210,N.49
Sarawak,SE-11,P.210,N.50
Sarawak,SE-11,P.211,N.51
Sarawak,SE-11,P.211,N.52
Sarawak,SE-11,P.212,N.53
Sarawak,SE-11,P.212,N.54
Sarawak,SE-11,P.212,N.55
Sarawak,SE-11,P.213,N.56
Sarawak,SE-11,P.213,N.57
Sarawak,SE-11,P.213,N.58
Sarawak,SE-11,P.214,N.59
Sarawak,SE-11,P.214,N.60
Sarawak,SE-11,P.215,N.61
Sarawak,SE-11,P.215,N.62
Sarawak,SE-11,P.215,N.63
Sarawak,SE-11,P.216,N.64
Sarawak,SE-11,P.216,N.65
Sarawak,SE-11,P.216,N.66
Sarawak,SE-11,P.217,N.67
Sarawak,SE-11,P.217,N.68
Sarawak,SE-11,P.217,N.69
Sarawak,SE-11,P.217,N.70
Sarawak,SE-11,P.218,N.71
Sarawak,SE-11,P.218,N.72
Sarawak,SE-11,P.219,N.73
Sarawak,SE-11,P.219,N.74
Sarawak,SE-11,P.219,N.75
Sarawak,SE-11,P.220,N.76
Sarawak,SE-11,P.220,N.77
Sarawak,SE-11,P.220,N.78
Sarawak,SE-11,P.221,N.79
Sarawak,SE-11,P.221,N.80
Sarawak,SE-11,P.222,N.81
Sarawak,SE-11,P.222,N.82
Sarawak,SE-12,P.192,N.01
Sarawak,SE-12,P.192,N.02
Sarawak,SE-12,P.193,N.03
Sarawak,SE-12,P.193,N.04
Sarawak,SE-12,P.193,N.05
Sarawak,SE-12,P.194,N.06
Sarawak,SE-12,P.194,N.07
Sarawak,SE-12,P.194,N.08
Sarawak,SE-12,P.195,N.09
Sarawak,SE-12,P.195,N.10
Sarawak,SE-12,P.195,N.11
Sarawak,SE-12,P.196,N.12
Sarawak,SE-12,P.196,N.13
Sarawak,SE-12,P.196,N.14
Sarawak,SE-12,P.197,N.15
Sarawak,SE-12,P.197,N.16
Sarawak,SE-12,P.197,N.17
Sarawak,SE-12,P.198,N.18
Sarawak,SE-12,P.198,N.19
Sarawak,SE-12,P.198,N.20
Sarawak,SE-12,P.199,N.21
Sarawak,SE-12,P.199,N.22
Sarawak,SE-12,P.199,N.23
Sarawak,SE-12,P.200,N.24
Sarawak,SE-12,P.200,N.25
Sarawak,SE-12,P.200,N.26
Sarawak,SE-12,P.201,N.27
Sarawak,SE-12,P.201,N.28
Sarawak,SE-12,P.201,N.29
Sarawak,SE-12,P.202,N.30
Sarawak,SE-12,P.202,N.31
Sarawak,SE-12,P.202,N.32
Sarawak,SE-12,P.203,N.33
Sarawak,SE-12,P.203,N.34
Sarawak,SE-12,P.204,N.35
Sarawak,SE-12,P.204,N.36
Sarawak,SE-12,P.204,N.37
Sarawak,SE-12,P.205,N.38
Sarawak,SE-12,P.205,N.39
Sarawak,SE-12,P.205,N.40
Sarawak,SE-12,P.206,N.41
Sarawak,SE-12,P.206,N.42
Sarawak,SE-12,P.207,N.43
Sarawak,SE-12,P.207,N.44
Sarawak,SE-12,P.208,N.45
Sarawak,SE-12,P.208,N.46
Sarawak,SE-12,P.209,N.47
Sarawak,SE-12,P.209,N.48
Sarawak,SE-12,P.210,N.49
Sarawak,SE-12,P.210,N.50
Sarawak,SE-12,P.211,N.51
Sarawak,SE-12,P.211,N.52
Sarawak,SE-12,P.212,N.53
Sarawak,SE-12,P.212,N.54
Sarawak,SE-12,P.212,N.55
Sarawak,SE-12,P.213,N.56
Sarawak,SE-12,P.213,N.57
Sarawak,SE-12,P.213,N.58
Sarawak,SE-12,P.214,N.59
Sarawak,SE-12,P.214,N.60
Sarawak,SE-12,P.215,N.61
Sarawak,SE-12,P.215,N.62
Sarawak,SE-12,P.215,N.63
Sarawak,SE-12,P.216,N.64
Sarawak,SE-12,P.216,N.65
Sarawak,SE-12,P.216,N.66
Sarawak,SE-12,P.217,N.67
Sarawak,SE-12,P.217,N.68
Sarawak,SE-12,P.217,N.69
Sarawak,SE-12,P.217,N.70
Sarawak,SE-12,P.218,N.71
Sarawak,SE-12,P.218,N.72
Sarawak,SE-12,P.219,N.73
Sarawak,SE-12,P.219,N.74
Sarawak,SE-12,P.219,N.75
Sarawak,SE-12,P.220,N.76
Sarawak,SE-12,P.220,N.77
Sarawak,SE-12,P.220,N.78
Sarawak,SE-12,P.221,N.79
Sarawak,SE-12,P.221,N.80
Sarawak,SE-12,P.222,N.81
Sarawak,SE-12,P.222,N.82
Selangor,SE-01,P.065,N.01
Selangor,SE-01,P.065,N.02
Selangor,SE-01,P.066,N.03
Selangor,SE-01,P.066,N.04
Selangor,SE-01,P.067,N.05
Selangor,SE-01,P.067,N.06
Selangor,SE-01,P.068,N.07
Selangor,SE-01,P.068,N.08
Selangor,SE-01,P.069,N.09
Selangor,SE-01,P.069,N.10
Selangor,SE-01,P.070,N.11
Selangor,SE-01,P.070,N.12
Selangor,SE-01,P.071,N.13
Selangor,SE-01,P.071,N.14
Selangor,SE-01,P.072,N.15
Selangor,SE-01,P.072,N.16
Selangor,SE-01,P.073,N.17
Selangor,SE-01,P.073,N.18
Selangor,SE-01,P.074,N.19
Selangor,SE-01,P.074,N.20
Selangor,SE-01,P.075,N.21
Selangor,SE-01,P.075,N.22
Selangor,SE-01,P.076,N.23
Selangor,SE-01,P.076,N.24
Selangor,SE-01,P.077,N.25
Selangor,SE-01,P.077,N.26
Selangor,SE-01,P.078,N.27
Selangor,SE-01,P.078,N.28
Selangor,SE-02,P.065,N.01
Selangor,SE-02,P.065,N.02
Selangor,SE-02,P.066,N.03
Selangor,SE-02,P.066,N.04
Selangor,SE-02,P.067,N.05
Selangor,SE-02,P.067,N.06
Selangor,SE-02,P.068,N.07
Selangor,SE-02,P.068,N.08
Selangor,SE-02,P.069,N.09
Selangor,SE-02,P.069,N.10
Selangor,SE-02,P.070,N.11
Selangor,SE-02,P.070,N.12
Selangor,SE-02,P.071,N.13
Selangor,SE-02,P.071,N.14
Selangor,SE-02,P.072,N.15
Selangor,SE-02,P.072,N.16
Selangor,SE-02,P.073,N.17
Selangor,SE-02,P.073,N.18
Selangor,SE-02,P.074,N.19
Selangor,SE-02,P.074,N.20
Selangor,SE-02,P.075,N.21
Selangor,SE-02,P.075,N.22
Selangor,SE-02,P.076,N.23
Selangor,SE-02,P.076,N.24
Selangor,SE-02,P.077,N.25
Selangor,SE-02,P.077,N.26
Selangor,SE-02,P.078,N.27
Selangor,SE-02,P.078,N.28
Selangor,SE-03,P.065,N.01
Selangor,SE-03,P.065,N.02
Selangor,SE-03,P.066,N.03
Selangor,SE-03,P.066,N.04
Selangor,SE-03,P.067,N.05
Selangor,SE-03,P.067,N.06
Selangor,SE-03,P.068,N.07
Selangor,SE-03,P.068,N.08
Selangor,SE-03,P.069,N.09
Selangor,SE-03,P.069,N.10
Selangor,SE-03,P.070,N.11
Selangor,SE-03,P.070,N.12
Selangor,SE-03,P.071,N.13
Selangor,SE-03,P.071,N.14
Selangor,SE-03,P.072,N.15
Selangor,SE-03,P.072,N.16
Selangor,SE-03,P.073,N.17
Selangor,SE-03,P.073,N.18
Selangor,SE-03,P.074,N.19
Selangor,SE-03,P.074,N.20
Selangor,SE-03,P.075,N.21
Selangor,SE-03,P.075,N.22
Selangor,SE-03,P.076,N.23
Selangor,SE-03,P.076,N.24
Selangor,SE-03,P.077,N.25
Selangor,SE-03,P.077,N.26
Selangor,SE-03,P.078,N.27
Selangor,SE-03,P.078,N.28
Selangor,SE-04,P.073,N.01
Selangor,SE-04,P.073,N.02
Selangor,SE-04,P.073,N.03
Selangor,SE-04,P.074,N.04
Selangor,SE-04,P.074,N.05
Selangor,SE-04,P.074,N.06
Selangor,SE-04,P.075,N.07
Selangor,SE-04,P.075,N.08
Selangor,SE-04,P.075,N.09
Selangor,SE-04,P.076,N.10
Selangor,SE-04,P.076,N.11
Selangor,SE-04,P.076,N.12
Selangor,SE-04,P.077,N.13
Selangor,SE-04,P.077,N.14
Selangor,SE-04,P.077,N.15
Selangor,SE-04,P.078,N.16
Selangor,SE-04,P.078,N.17
Selangor,SE-04,P.078,N.18
Selangor,SE-04,P.079,N.19
Selangor,SE-04,P.079,N.20
Selangor,SE-04,P.079,N.21
Selangor,SE-04,P.080,N.22
Selangor,SE-04,P.080,N.23
Selangor,SE-04,P.080,N.24
Selangor,SE-04,P.081,N.25
Selangor,SE-04,P.081,N.26
Selangor,SE-04,P.081,N.27
Selangor,SE-04,P.082,N.28
Selangor,SE-04,P.082,N.29
Selangor,SE-04,P.082,N.30
Selangor,SE-04,P.083,N.31
Selangor,SE-04,P.083,N.32
Selangor,SE-04,P.083,N.33
Selangor,SE-05,P.073,N.01
Selangor,SE-05,P.073,N.02
Selangor,SE-05,P.073,N.03
Selangor,SE-05,P.074,N.04
Selangor,SE-05,P.074,N.05
Selangor,SE-05,P.074,N.06
Selangor,SE-05,P.075,N.07
Selangor,SE-05,P.075,N.08
Selangor,SE-05,P.075,N.09
Selangor,SE-05,P.076,N.10
Selangor,SE-05,P.076,N.11
Selangor,SE-05,P.076,N.12
Selangor,SE-05,P.077,N.13
Selangor,SE-05,P.077,N.14
Selangor,SE-05,P.077,N.15
Selangor,SE-05,P.078,N.16
Selangor,SE-05,P.078,N.17
Selangor,SE-05,P.078,N.18
Selangor,SE-05,P.079,N.19
Selangor,SE-05,P.079,N.20
Selangor,SE-05,P.079,N.21
Selangor,SE-05,P.080,N.22
Selangor,SE-05,P.080,N.23
Selangor,SE-05,P.080,N.24
Selangor,SE-05,P.081,N.25
Selangor,SE-05,P.081,N.26
Selangor,SE-05,P.081,N.27
Selangor,SE-05,P.082,N.28
Selangor,SE-05,P.082,N.29
Selangor,SE-05,P.082,N.30
Selangor,SE-05,P.083,N.31
Selangor,SE-05,P.083,N.32
Selangor,SE-05,P.083,N.33
Selangor,SE-06,P.073,N.01
Selangor,SE-06,P.073,N.02
Selangor,SE-06,P.073,N.03
Selangor,SE-06,P.074,N.04
Selangor,SE-06,P.074,N.05
Selangor,SE-06,P.074,N.06
Selangor,SE-06,P.075,N.07
Selangor,SE-06,P.075,N.08
Selangor,SE-06,P.075,N.09
Selangor,SE-06,P.076,N.10
Selangor,SE-06,P.076,N.11
Selangor,SE-06,P.076,N.12
Selangor,SE-06,P.077,N.13
Selangor,SE-06,P.077,N.14
Selangor,SE-06,P.077,N.15
Selangor,SE-06,P.078,N.16
Selangor,SE-06,P.078,N.17
Selangor,SE-06,P.078,N.18
Selangor,SE-06,P.079,N.19
Selangor,SE-06,P.079,N.20
Selangor,SE-06,P.079,N.21
Selangor,SE-06,P.080,N.22
Selangor,SE-06,P.080,N.23
Selangor,SE-06,P.080,N.24
Selangor,SE-06,P.081,N.25
Selangor,SE-06,P.081,N.26
Selangor,SE-06,P.081,N.27
Selangor,SE-06,P.082,N.28
Selangor,SE-06,P.082,N.29
Selangor,SE-06,P.082,N.30
Selangor,SE-06,P.083,N.31
Selangor,SE-06,P.083,N.32
Selangor,SE-06,P.083,N.33
Selangor,SE-07,P.082,N.01
Selangor,SE-07,P.082,N.02
Selangor,SE-07,P.082,N.03
Selangor,SE-07,P.083,N.04
Selangor,SE-07,P.083,N.05
Selangor,SE-07,P.083,N.06
Selangor,SE-07,P.084,N.07
Selangor,SE-07,P.084,N.08
Selangor,SE-07,P.084,N.09
Selangor,SE-07,P.085,N.10
Selangor,SE-07,P.085,N.11
Selangor,SE-07,P.085,N.12
Selangor,SE-07,P.086,N.13
Selangor,SE-07,P.086,N.14
Selangor,SE-07,P.086,N.15
Selangor,SE-07,P.087,N.16
Selangor,SE-07,P.087,N.17
Selangor,SE-07,P.087,N.18
Selangor,SE-07,P.088,N.19
Selangor,SE-07,P.088,N.20
Selangor,SE-07,P.088,N.21
Selangor,SE-07,P.089,N.22
Selangor,SE-07,P.089,N.23
Selangor,SE-07,P.089,N.24
Selangor,SE-07,P.090,N.25
Selangor,SE-07,P.090,N.26
Selangor,SE-07,P.090,N.27
Selangor,SE-07,P.091,N.28
Selangor,SE-07,P.091,N.29
Selangor,SE-07,P.091,N.30
Selangor,SE-07,P.092,N.31
Selangor,SE-07,P.092,N.32
Selangor,SE-07,P.092,N.33
Selangor,SE-07,P.093,N.34
Selangor,SE-07,P.093,N.35
Selangor,SE-07,P.093,N.36
Selangor,SE-07,P.094,N.37
Selangor,SE-07,P.094,N.38
Selangor,SE-07,P.094,N.39
Selangor,SE-07,P.095,N.40
Selangor,SE-07,P.095,N.41
Selangor,SE-07,P.095,N.42
Selangor,SE-08,P.082,N.01
Selangor,SE-08,P.082,N.02
Selangor,SE-08,P.082,N.03
Selangor,SE-08,P.083,N.04
Selangor,SE-08,P.083,N.05
Selangor,SE-08,P.083,N.06
Selangor,SE-08,P.084,N.07
Selangor,SE-08,P.084,N.08
Selangor,SE-08,P.084,N.09
Selangor,SE-08,P.085,N.10
Selangor,SE-08,P.085,N.11
Selangor,SE-08,P.085,N.12
Selangor,SE-08,P.086,N.13
Selangor,SE-08,P.086,N.14
Selangor,SE-08,P.086,N.15
Selangor,SE-08,P.087,N.16
Selangor,SE-08,P.087,N.17
Selangor,SE-08,P.087,N.18
Selangor,SE-08,P.088,N.19
Selangor,SE-08,P.088,N.20
Selangor,SE-08,P.088,N.21
Selangor,SE-08,P.089,N.22
Selangor,SE-08,P.089,N.23
Selangor,SE-08,P.089,N.24
Selangor,SE-08,P.090,N.25
Selangor,SE-08,P.090,N.26
Selangor,SE-08,P.090,N.27
Selangor,SE-08,P.091,N.28
Selangor,SE-08,P.091,N.29
Selangor,SE-08,P.091,N.30
Selangor,SE-08,P.092,N.31
Selangor,SE-08,P.092,N.32
Selangor,SE-08,P.092,N.33
Selangor,SE-08,P.093,N.34
Selangor,SE-08,P.093,N.35
Selangor,SE-08,P.093,N.36
Selangor,SE-08,P.094,N.37
Selangor,SE-08,P.094,N.38
Selangor,SE-08,P.094,N.39
Selangor,SE-08,P.095,N.40
Selangor,SE-08,P.095,N.41
Selangor,SE-08,P.095,N.42
Selangor,SE-09,P.086,N.01
Selangor,SE-09,P.086,N.02
Selangor,SE-09,P.086,N.03
Selangor,SE-09,P.087,N.04
Selangor,SE-09,P.087,N.05
Selangor,SE-09,P.087,N.06
Selangor,SE-09,P.088,N.07
Selangor,SE-09,P.088,N.08
Selangor,SE-09,P.088,N.09
Selangor,SE-09,P.089,N.10
Selangor,SE-09,P.089,N.11
Selangor,SE-09,P.089,N.12
Selangor,SE-09,P.090,N.13
Selangor,SE-09,P.090,N.14
Selangor,SE-09,P.090,N.15
Selangor,SE-09,P.091,N.16
Selangor,SE-09,P.091,N.17
Selangor,SE-09,P.091,N.18
Selangor,SE-09,P.092,N.19
Selangor,SE-09,P.092,N.20
Selangor,SE-09,P.092,N.21
Selangor,SE-09,P.093,N.22
Selangor,SE-09,P.093,N.23
Selangor,SE-09,P.093,N.24
Selangor,SE-09,P.094,N.25
Selangor,SE-09,P.094,N.26
Selangor,SE-09,P.095,N.27
Selangor,SE-09,P.095,N.28
Selangor,SE-09,P.096,N.29
Selangor,SE-09,P.096,N.30
Selangor,SE-09,P.096,N.31
Selangor,SE-09,P.097,N.32
Selangor,SE-09,P.097,N.33
Selangor,SE-09,P.097,N.34
Selangor,SE-09,P.098,N.35
Selangor,SE-09,P.098,N.36
Selangor,SE-09,P.098,N.37
Selangor,SE-09,P.099,N.38
Selangor,SE-09,P.099,N.39
Selangor,SE-09,P.099,N.40
Selangor,SE-09,P.100,N.41
Selangor,SE-09,P.100,N.42
Selangor,SE-09,P.101,N.43
Selangor,SE-09,P.101,N.44
Selangor,SE-09,P.101,N.45
Selangor,SE-09,P.102,N.46
Selangor,SE-09,P.102,N.47
Selangor,SE-09,P.102,N.48
Selangor,SE-10,P.086,N.01
Selangor,SE-10,P.086,N.02
Selangor,SE-10,P.086,N.03
Selangor,SE-10,P.087,N.04
Selangor,SE-10,P.087,N.05
Selangor,SE-10,P.087,N.06
Selangor,SE-10,P.088,N.07
Selangor,SE-10,P.088,N.08
Selangor,SE-10,P.088,N.09
Selangor,SE-10,P.089,N.10
Selangor,SE-10,P.089,N.11
Selangor,SE-10,P.089,N.12
Selangor,SE-10,P.090,N.13
Selangor,SE-10,P.090,N.14
Selangor,SE-10,P.090,N.15
Selangor,SE-10,P.091,N.16
Selangor,SE-10,P.091,N.17
Selangor,SE-10,P.091,N.18
Selangor,SE-10,P.092,N.19
Selangor,SE-10,P.092,N.20
Selangor,SE-10,P.092,N.21
Selangor,SE-10,P.093,N.22
Selangor,SE-10,P.093,N.23
Selangor,SE-10,P.093,N.24
Selangor,SE-10,P.094,N.25
Selangor,SE-10,P.094,N.26
Selangor,SE-10,P.095,N.27
Selangor,SE-10,P.095,N.28
Selangor,SE-10,P.096,N.29
Selangor,SE-10,P.096,N.30
Selangor,SE-10,P.096,N.31
Selangor,SE-10,P.097,N.32
Selangor,SE-10,P.097,N.33
Selangor,SE-10,P.097,N.34
Selangor,SE-10,P.098,N.35
Selangor,SE-10,P.098,N.36
Selangor,SE-10,P.098,N.37
Selangor,SE-10,P.099,N.38
Selangor,SE-10,P.099,N.39
Selangor,SE-10,P.099,N.40
Selangor,SE-10,P.100,N.41
Selangor,SE-10,P.100,N.42
Selangor,SE-10,P.101,N.43
Selangor,SE-10,P.101,N.44
Selangor,SE-10,P.101,N.45
Selangor,SE-10,P.102,N.46
Selangor,SE-10,P.102,N.47
Selangor,SE-10,P.102,N.48
Selangor,SE-11,P.092,N.01
Selangor,SE-11,P.092,N.02
Selangor,SE-11,P.093,N.03
Selangor,SE-11,P.093,N.04
Selangor,SE-11,P.094,N.05
Selangor,SE-11,P.094,N.06
Selangor,SE-11,P.094,N.07
Selangor,SE-11,P.095,N.08
Selangor,SE-11,P.095,N.09
Selangor,SE-11,P.096,N.10
Selangor,SE-11,P.096,N.11
Selangor,SE-11,P.096,N.12
Selangor,SE-11,P.097,N.13
Selangor,SE-11,P.097,N.14
Selangor,SE-11,P.097,N.15
Selangor,SE-11,P.098,N.16
Selangor,SE-11,P.098,N.17
Selangor,SE-11,P.098,N.18
Selangor,SE-11,P.099,N.19
Selangor,SE-11,P.099,N.20
Selangor,SE-11,P.100,N.21
Selangor,SE-11,P.100,N.22
Selangor,SE-11,P.101,N.23
Selangor,SE-11,P.101,N.24
Selangor,SE-11,P.101,N.25
Selangor,SE-11,P.102,N.26
Selangor,SE-11,P.102,N.27
Selangor,SE-11,P.102,N.28
Selangor,SE-11,P.103,N.29
Selangor,SE-11,P.103,N.30
Selangor,SE-11,P.104,N.31
Selangor,SE-11,P.104,N.32
Selangor,SE-11,P.105,N.33
Selangor,SE-11,P.105,N.34
Selangor,SE-11,P.106,N.35
Selangor,SE-11,P.106,N.36
Selangor,SE-11,P.107,N.37
Selangor,SE-11,P.107,N.38
Selangor,SE-11,P.107,N.39
Selangor,SE-11,P.108,N.40
Selangor,SE-11,P.108,N.41
Selangor,SE-11,P.109,N.42
Selangor,SE-11,P.109,N.43
Selangor,SE-11,P.109,N.44
Selangor,SE-11,P.109,N.45
Selangor,SE-11,P.110,N.46
Selangor,SE-11,P.110,N.47
Selangor,SE-11,P.110,N.48
Selangor,SE-11,P.111,N.49
Selangor,SE-11,P.111,N.50
Selangor,SE-11,P.112,N.51
Selangor,SE-11,P.112,N.52
Selangor,SE-11,P.112,N.53
Selangor,SE-11,P.113,N.54
Selangor,SE-11,P.113,N.55
Selangor,SE-11,P.113,N.56
Selangor,SE-12,P.092,N.01
Selangor,SE-12,P.092,N.02
Selangor,SE-12,P.093,N.03
Selangor,SE-12,P.093,N.04
Selangor,SE-12,P.094,N.05
Selangor,SE-12,P.094,N.06
Selangor,SE-12,P.094,N.07
Selangor,SE-12,P.095,N.08
Selangor,SE-12,P.095,N.09
Selangor,SE-12,P.096,N.10
Selangor,SE-12,P.096,N.11
Selangor,SE-12,P.096,N.12
Selangor,SE-12,P.097,N.13
Selangor,SE-12,P.097,N.14
Selangor,SE-12,P.097,N.15
Selangor,SE-12,P.098,N.16
Selangor,SE-12,P.098,N.17
Selangor,SE-12,P.098,N.18
Selangor,SE-12,P.099,N.19
Selangor,SE-12,P.099,N.20
Selangor,SE-12,P.100,N.21
Selangor,SE-12,P.100,N.22
Selangor,SE-12,P.101,N.23
Selangor,SE-12,P.101,N.24
Selangor,SE-12,P.101,N.25
Selangor,SE-12,P.102,N.26
Selangor,SE-12,P.102,N.27
Selangor,SE-12,P.102,N.28
Selangor,SE-12,P.103,N.29
Selangor,SE-12,P.103,N.30
Selangor,SE-12,P.104,N.31
Selangor,SE-12,P.104,N.32
Selangor,SE-12,P.105,N.33
Selangor,SE-12,P.105,N.34
Selangor,SE-12,P.106,N.35
Selangor,SE-12,P.106,N.36
Selangor,SE-12,P.107,N.37
Selangor,SE-12,P.107,N.38
Selangor,SE-12,P.107,N.39
Selangor,SE-12,P.108,N.40
Selangor,SE-12,P.108,N.41
Selangor,SE-12,P.109,N.42
Selangor,SE-12,P.109,N.43
Selangor,SE-12,P.109,N.44
Selangor,SE-12,P.109,N.45
Selangor,SE-12,P.110,N.46
Selangor,SE-12,P.110,N.47
Selangor,SE-12,P.110,N.48
Selangor,SE-12,P.111,N.49
Selangor,SE-12,P.111,N.50
Selangor,SE-12,P.112,N.51
Selangor,SE-12,P.112,N.52
Selangor,SE-12,P.112,N.53
Selangor,SE-12,P.113,N.54
Selangor,SE-12,P.113,N.55
Selangor,SE-12,P.113,N.56
Selangor,SE-13,P.092,N.01
Selangor,SE-13,P.092,N.02
Selangor,SE-13,P.093,N.03
Selangor,SE-13,P.093,N.04
Selangor,SE-13,P.094,N.05
Selangor,SE-13,P.094,N.06
Selangor,SE-13,P.094,N.07
Selangor,SE-13,P.095,N.08
Selangor,SE-13,P.095,N.09
Selangor,SE-13,P.096,N.10
Selangor,SE-13,P.096,N.11
Selangor,SE-13,P.096,N.12
Selangor,SE-13,P.097,N.13
Selangor,SE-13,P.097,N.14
Selangor,SE-13,P.097,N.15
Selangor,SE-13,P.098,N.16
Selangor,SE-13,P.098,N.17
Selangor,SE-13,P.098,N.18
Selangor,SE-13,P.099,N.19
Selangor,SE-13,P.099,N.20
Selangor,SE-13,P.100,N.21
Selangor,SE-13,P.100,N.22
Selangor,SE-13,P.101,N.23
Selangor,SE-13,P.101,N.24
Selangor,SE-13,P.101,N.25
Selangor,SE-13,P.102,N.26
Selangor,SE-13,P.102,N.27
Selangor,SE-13,P.102,N.28
Selangor,SE-13,P.103,N.29
Selangor,SE-13,P.103,N.30
Selangor,SE-13,P.104,N.31
Selangor,SE-13,P.104,N.32
Selangor,SE-13,P.105,N.33
Selangor,SE-13,P.105,N.34
Selangor,SE-13,P.106,N.35
Selangor,SE-13,P.106,N.36
Selangor,SE-13,P.107,N.37
Selangor,SE-13,P.107,N.38
Selangor,SE-13,P.107,N.39
Selangor,SE-13,P.108,N.40
Selangor,SE-13,P.108,N.41
Selangor,SE-13,P.109,N.42
Selangor,SE-13,P.109,N.43
Selangor,SE-13,P.109,N.44
Selangor,SE-13,P.109,N.45
Selangor,SE-13,P.110,N.46
Selangor,SE-13,P.110,N.47
Selangor,SE-13,P.110,N.48
Selangor,SE-13,P.111,N.49
Selangor,SE-13,P.111,N.50
Selangor,SE-13,P.112,N.51
Selangor,SE-13,P.112,N.52
Selangor,SE-13,P.112,N.53
Selangor,SE-13,P.113,N.54
Selangor,SE-13,P.113,N.55
Selangor,SE-13,P.113,N.56
Selangor,SE-14,P.092,N.01
Selangor,SE-14,P.092,N.02
Selangor,SE-14,P.093,N.03
Selangor,SE-14,P.093,N.04
Selangor,SE-14,P.094,N.05
Selangor,SE-14,P.094,N.06
Selangor,SE-14,P.094,N.07
Selangor,SE-14,P.095,N.08
Selangor,SE-14,P.095,N.09
Selangor,SE-14,P.096,N.10
Selangor,SE-14,P.096,N.11
Selangor,SE-14,P.096,N.12
Selangor,SE-14,P.097,N.13
Selangor,SE-14,P.097,N.14
Selangor,SE-14,P.097,N.15
Selangor,SE-14,P.098,N.16
Selangor,SE-14,P.098,N.17
Selangor,SE-14,P.098,N.18
Selangor,SE-14,P.099,N.19
Selangor,SE-14,P.099,N.20
Selangor,SE-14,P.100,N.21
Selangor,SE-14,P.100,N.22
Selangor,SE-14,P.101,N.23
Selangor,SE-14,P.101,N.24
Selangor,SE-14,P.102,N.25
Selangor,SE-14,P.102,N.26
Selangor,SE-14,P.102,N.27
Selangor,SE-14,P.103,N.28
Selangor,SE-14,P.103,N.29
Selangor,SE-14,P.104,N.30
Selangor,SE-14,P.104,N.31
Selangor,SE-14,P.105,N.32
Selangor,SE-14,P.105,N.33
Selangor,SE-14,P.105,N.34
Selangor,SE-14,P.106,N.35
Selangor,SE-14,P.106,N.36
Selangor,SE-14,P.106,N.37
Selangor,SE-14,P.107,N.38
Selangor,SE-14,P.107,N.39
Selangor,SE-14,P.108,N.40
Selangor,SE-14,P.108,N.41
Selangor,SE-14,P.109,N.42
Selangor,SE-14,P.109,N.43
Selangor,SE-14,P.109,N.44
Selangor,SE-14,P.110,N.45
Selangor,SE-14,P.110,N.46
Selangor,SE-14,P.110,N.47
Selangor,SE-14,P.111,N.48
Selangor,SE-14,P.111,N.49
Selangor,SE-14,P.111,N.50
Selangor,SE-14,P.112,N.51
Selangor,SE-14,P.112,N.52
Selangor,SE-14,P.112,N.53
Selangor,SE-14,P.113,N.54
Selangor,SE-14,P.113,N.55
Selangor,SE-14,P.113,N.56
Selangor,SE-15,P.092,N.01
Selangor,SE-15,P.092,N.02
Selangor,SE-15,P.093,N.03
Selangor,SE-15,P.093,N.04
Selangor,SE-15,P.094,N.05
Selangor,SE-15,P.094,N.06
Selangor,SE-15,P.094,N.07
Selangor,SE-15,P.095,N.08
Selangor,SE-15,P.095,N.09
Selangor,SE-15,P.096,N.10
Selangor,SE-15,P.096,N.11
Selangor,SE-15,P.096,N.12
Selangor,SE-15,P.097,N.13
Selangor,SE-15,P.097,N.14
Selangor,SE-15,P.097,N.15
Selangor,SE-15,P.098,N.16
Selangor,SE-15,P.098,N.17
Selangor,SE-15,P.098,N.18
Selangor,SE-15,P.099,N.19
Selangor,SE-15,P.099,N.20
Selangor,SE-15,P.100,N.21
Selangor,SE-15,P.100,N.22
Selangor,SE-15,P.101,N.23
Selangor,SE-15,P.101,N.24
Selangor,SE-15,P.102,N.25
Selangor,SE-15,P.102,N.26
Selangor,SE-15,P.102,N.27
Selangor,SE-15,P.103,N.28
Selangor,SE-15,P.103,N.29
Selangor,SE-15,P.104,N.30
Selangor,SE-15,P.104,N.31
Selangor,SE-15,P.105,N.32
Selangor,SE-15,P.105,N.33
Selangor,SE-15,P.105,N.34
Selangor,SE-15,P.106,N.35
Selangor,SE-15,P.106,N.36
Selangor,SE-15,P.106,N.37
Selangor,SE-15,P.107,N.38
Selangor,SE-15,P.107,N.39
Selangor,SE-15,P.108,N.40
Selangor,SE-15,P.108,N.41
Selangor,SE-15,P.109,N.42
Selangor,SE-15,P.109,N.43
Selangor,SE-15,P.109,N.44
Selangor,SE-15,P.110,N.45
Selangor,SE-15,P.110,N.46
Selangor,SE-15,P.110,N.47
Selangor,SE-15,P.111,N.48
Selangor,SE-15,P.111,N.49
Selangor,SE-15,P.111,N.50
Selangor,SE-15,P.112,N.51
Selangor,SE-15,P.112,N.52
Selangor,SE-15,P.112,N.53
Selangor,SE-15,P.113,N.54
Selangor,SE-15,P.113,N.55
Selangor,SE-15,P.113,N.56
Terengganu,SE-01,P.025,N.01
Terengganu,SE-01,P.025,N.02
Terengganu,SE-01,P.025,N.03
Terengganu,SE-01,P.025,N.04
Terengganu,SE-01,P.025,N.05
Terengganu,SE-01,P.026,N.06
Terengganu,SE-01,P.026,N.07
Terengganu,SE-01,P.026,N.08
Terengganu,SE-01,P.026,N.09
Terengganu,SE-01,P.027,N.10
Terengganu,SE-01,P.027,N.11
Terengganu,SE-01,P.027,N.12
Terengganu,SE-01,P.027,N.13
Terengganu,SE-01,P.028,N.14
Terengganu,SE-01,P.028,N.15
Terengganu,SE-01,P.028,N.16
Terengganu,SE-01,P.029,N.17
Terengganu,SE-01,P.029,N.18
Terengganu,SE-01,P.029,N.19
Terengganu,SE-01,P.029,N.20
Terengganu,SE-01,P.030,N.21
Terengganu,SE-01,P.030,N.22
Terengganu,SE-01,P.030,N.23
Terengganu,SE-01,P.030,N.24
Terengganu,SE-02,P.025,N.01
Terengganu,SE-02,P.025,N.02
Terengganu,SE-02,P.025,N.03
Terengganu,SE-02,P.025,N.04
Terengganu,SE-02,P.025,N.05
Terengganu,SE-02,P.026,N.06
Terengganu,SE-02,P.026,N.07
Terengganu,SE-02,P.026,N.08
Terengganu,SE-02,P.026,N.09
Terengganu,SE-02,P.027,N.10
Terengganu,SE-02,P.027,N.11
Terengganu,SE-02,P.027,N.12
Terengganu,SE-02,P.027,N.13
Terengganu,SE-02,P.028,N.14
Terengganu,SE-02,P.028,N.15
Terengganu,SE-02,P.028,N.16
Terengganu,SE-02,P.029,N.17
Terengganu,SE-02,P.029,N.18
Terengganu,SE-02,P.029,N.19
Terengganu,SE-02,P.029,N.20
Terengganu,SE-02,P.030,N.21
Terengganu,SE-02,P.030,N.22
Terengganu,SE-02,P.030,N.23
Terengganu,SE-02,P.030,N.24
Terengganu,SE-03,P.025,N.01
Terengganu,SE-03,P.025,N.02
Terengganu,SE-03,P.025,N.03
Terengganu,SE-03,P.025,N.04
Terengganu,SE-03,P.025,N.05
Terengganu,SE-03,P.026,N.06
Terengganu,SE-03,P.026,N.07
Terengganu,SE-03,P.026,N.08
Terengganu,SE-03,P.026,N.09
Terengganu,SE-03,P.027,N.10
Terengganu,SE-03,P.027,N.11
Terengganu,SE-03,P.027,N.12
Terengganu,SE-03,P.027,N.13
Terengganu,SE-03,P.028,N.14
Terengganu,SE-03,P.028,N.15
Terengganu,SE-03,P.028,N.16
Terengganu,SE-03,P.029,N.17
Terengganu,SE-03,P.029,N.18
Terengganu,SE-03,P.029,N.19
Terengganu,SE-03,P.029,N.20
Terengganu,SE-03,P.030,N.21
Terengganu,SE-03,P.030,N.22
Terengganu,SE-03,P.030,N.23
Terengganu,SE-03,P.030,N.24
Terengganu,SE-04,P.028,N.01
Terengganu,SE-04,P.028,N.02
Terengganu,SE-04,P.028,N.03
Terengganu,SE-04,P.028,N.04
Terengganu,SE-04,P.029,N.05
Terengganu,SE-04,P.029,N.06
Terengganu,SE-04,P.029,N.07
Terengganu,SE-04,P.029,N.08
Terengganu,SE-04,P.030,N.09
Terengganu,SE-04,P.030,N.10
Terengganu,SE-04,P.030,N.11
Terengganu,SE-04,P.030,N.12
Terengganu,SE-04,P.031,N.13
Terengganu,SE-04,P.031,N.14
Terengganu,SE-04,P.031,N.15
Terengganu,SE-04,P.031,N.16
Terengganu,SE-04,P.032,N.17
Terengganu,SE-04,P.032,N.18
Terengganu,SE-04,P.032,N.19
Terengganu,SE-04,P.032,N.20
Terengganu,SE-04,P.033,N.21
Terengganu,SE-04,P.033,N.22
Terengganu,SE-04,P.033,N.23
Terengganu,SE-04,P.033,N.24
Terengganu,SE-04,P.034,N.25
Terengganu,SE-04,P.034,N.26
Terengganu,SE-04,P.034,N.27
Terengganu,SE-04,P.034,N.28
Terengganu,SE-05,P.028,N.01
Terengganu,SE-05,P.028,N.02
Terengganu,SE-05,P.028,N.03
Terengganu,SE-05,P.028,N.04
Terengganu,SE-05,P.029,N.05
Terengganu,SE-05,P.029,N.06
Terengganu,SE-05,P.029,N.07
Terengganu,SE-05,P.029,N.08
Terengganu,SE-05,P.030,N.09
Terengganu,SE-05,P.030,N.10
Terengganu,SE-05,P.030,N.11
Terengganu,SE-05,P.030,N.12
Terengganu,SE-05,P.031,N.13
Terengganu,SE-05,P.031,N.14
Terengganu,SE-05,P.031,N.15
Terengganu,SE-05,P.031,N.16
Terengganu,SE-05,P.032,N.17
Terengganu,SE-05,P.032,N.18
Terengganu,SE-05,P.032,N.19
Terengganu,SE-05,P.032,N.20
Terengganu,SE-05,P.033,N.21
Terengganu,SE-05,P.033,N.22
Terengganu,SE-05,P.033,N.23
Terengganu,SE-05,P.033,N.24
Terengganu,SE-05,P.034,N.25
Terengganu,SE-05,P.034,N.26
Terengganu,SE-05,P.034,N.27
Terengganu,SE-05,P.034,N.28
Terengganu,SE-06,P.028,N.01
Terengganu,SE-06,P.028,N.02
Terengganu,SE-06,P.028,N.03
Terengganu,SE-06,P.028,N.04
Terengganu,SE-06,P.029,N.05
Terengganu,SE-06,P.029,N.06
Terengganu,SE-06,P.029,N.07
Terengganu,SE-06,P.029,N.08
Terengganu,SE-06,P.030,N.09
Terengganu,SE-06,P.030,N.10
Terengganu,SE-06,P.030,N.11
Terengganu,SE-06,P.030,N.12
Terengganu,SE-06,P.031,N.13
Terengganu,SE-06,P.031,N.14
Terengganu,SE-06,P.031,N.15
Terengganu,SE-06,P.031,N.16
Terengganu,SE-06,P.032,N.17
Terengganu,SE-06,P.032,N.18
Terengganu,SE-06,P.032,N.19
Terengganu,SE-06,P.032,N.20
Terengganu,SE-06,P.033,N.21
Terengganu,SE-06,P.033,N.22
Terengganu,SE-06,P.033,N.23
Terengganu,SE-06,P.033,N.24
Terengganu,SE-06,P.034,N.25
Terengganu,SE-06,P.034,N.26
Terengganu,SE-06,P.034,N.27
Terengganu,SE-06,P.034,N.28
Terengganu,SE-07,P.030,N.01
Terengganu,SE-07,P.030,N.02
Terengganu,SE-07,P.030,N.03
Terengganu,SE-07,P.030,N.04
Terengganu,SE-07,P.031,N.05
Terengganu,SE-07,P.031,N.06
Terengganu,SE-07,P.031,N.07
Terengganu,SE-07,P.031,N.08
Terengganu,SE-07,P.032,N.09
Terengganu,SE-07,P.032,N.10
Terengganu,SE-07,P.032,N.11
Terengganu,SE-07,P.032,N.12
Terengganu,SE-07,P.033,N.13
Terengganu,SE-07,P.033,N.14
Terengganu,SE-07,P.033,N.15
Terengganu,SE-07,P.033,N.16
Terengganu,SE-07,P.034,N.17
Terengganu,SE-07,P.034,N.18
Terengganu,SE-07,P.034,N.19
Terengganu,SE-07,P.034,N.20
Terengganu,SE-07,P.035,N.21
Terengganu,SE-07,P.035,N.22
Terengganu,SE-07,P.035,N.23
Terengganu,SE-07,P.035,N.24
Terengganu,SE-07,P.036,N.25
Terengganu,SE-07,P.036,N.26
Terengganu,SE-07,P.036,N.27
Terengganu,SE-07,P.036,N.28
Terengganu,SE-07,P.037,N.29
Terengganu,SE-07,P.037,N.30
Terengganu,SE-07,P.037,N.31
Terengganu,SE-07,P.037,N.32
Terengganu,SE-08,P.030,N.01
Terengganu,SE-08,P.030,N.02
Terengganu,SE-08,P.030,N.03
Terengganu,SE-08,P.030,N.04
Terengganu,SE-08,P.031,N.05
Terengganu,SE-08,P.031,N.06
Terengganu,SE-08,P.031,N.07
Terengganu,SE-08,P.031,N.08
Terengganu,SE-08,P.032,N.09
Terengganu,SE-08,P.032,N.10
Terengganu,SE-08,P.032,N.11
Terengganu,SE-08,P.032,N.12
Terengganu,SE-08,P.033,N.13
Terengganu,SE-08,P.033,N.14
Terengganu,SE-08,P.033,N.15
Terengganu,SE-08,P.033,N.16
Terengganu,SE-08,P.034,N.17
Terengganu,SE-08,P.034,N.18
Terengganu,SE-08,P.034,N.19
Terengganu,SE-08,P.034,N.20
Terengganu,SE-08,P.035,N.21
Terengganu,SE-08,P.035,N.22
Terengganu,SE-08,P.035,N.23
Terengganu,SE-08,P.035,N.24
Terengganu,SE-08,P.036,N.25
Terengganu,SE-08,P.036,N.26
Terengganu,SE-08,P.036,N.27
Terengganu,SE-08,P.036,N.28
Terengganu,SE-08,P.037,N.29
Terengganu,SE-08,P.037,N.30
Terengganu,SE-08,P.037,N.31
Terengganu,SE-08,P.037,N.32
Terengganu,SE-09,P.033,N.01
Terengganu,SE-09,P.033,N.02
Terengganu,SE-09,P.033,N.03
Terengganu,SE-09,P.033,N.04
Terengganu,SE-09,P.034,N.05
Terengganu,SE-09,P.034,N.06
Terengganu,SE-09,P.034,N.07
Terengganu,SE-09,P.034,N.08
Terengganu,SE-09,P.035,N.09
Terengganu,SE-09,P.035,N.10
Terengganu,SE-09,P.035,N.11
Terengganu,SE-09,P.035,N.12
Terengganu,SE-09,P.036,N.13
Terengganu,SE-09,P.036,N.14
Terengganu,SE-09,P.036,N.15
Terengganu,SE-09,P.036,N.16
Terengganu,SE-09,P.037,N.17
Terengganu,SE-09,P.037,N.18
Terengganu,SE-09,P.037,N.19
Terengganu,SE-09,P.037,N.20
Terengganu,SE-09,P.038,N.21
Terengganu,SE-09,P.038,N.22
Terengganu,SE-09,P.038,N.23
Terengganu,SE-09,P.038,N.24
Terengganu,SE-09,P.039,N.25
Terengganu,SE-09,P.039,N.26
Terengganu,SE-09,P.039,N.27
Terengganu,SE-09,P.039,N.28
Terengganu,SE-09,P.040,N.29
Terengganu,SE-09,P.040,N.30
Terengganu,SE-09,P.040,N.31
Terengganu,SE-09,P.040,N.32
Terengganu,SE-10,P.033,N.01
Terengganu,SE-10,P.033,N.02
Terengganu,SE-10,P.033,N.03
Terengganu,SE-10,P.033,N.04
Terengganu,SE-10,P.034,N.05
Terengganu,SE-10,P.034,N.06
Terengganu,SE-10,P.034,N.07
Terengganu,SE-10,P.034,N.08
Terengganu,SE-10,P.035,N.09
Terengganu,SE-10,P.035,N.10
Terengganu,SE-10,P.035,N.11
Terengganu,SE-10,P.035,N.12
Terengganu,SE-10,P.036,N.13
Terengganu,SE-10,P.036,N.14
Terengganu,SE-10,P.036,N.15
Terengganu,SE-10,P.036,N.16
Terengganu,SE-10,P.037,N.17
Terengganu,SE-10,P.037,N.18
Terengganu,SE-10,P.037,N.19
Terengganu,SE-10,P.037,N.20
Terengganu,SE-10,P.038,N.21
Terengganu,SE-10,P.038,N.22
Terengganu,SE-10,P.038,N.23
Terengganu,SE-10,P.038,N.24
Terengganu,SE-10,P.039,N.25
Terengganu,SE-10,P.039,N.26
Terengganu,SE-10,P.039,N.27
Terengganu,SE-10,P.039,N.28
Terengganu,SE-10,P.040,N.29
Terengganu,SE-10,P.040,N.30
Terengganu,SE-10,P.040,N.31
Terengganu,SE-10,P.040,N.32
Terengganu,SE-11,P.033,N.01
Terengganu,SE-11,P.033,N.02
Terengganu,SE-11,P.033,N.03
Terengganu,SE-11,P.033,N.04
Terengganu,SE-11,P.034,N.05
Terengganu,SE-11,P.034,N.06
Terengganu,SE-11,P.034,N.07
Terengganu,SE-11,P.034,N.08
Terengganu,SE-11,P.035,N.09
Terengganu,SE-11,P.035,N.10
Terengganu,SE-11,P.035,N.11
Terengganu,SE-11,P.035,N.12
Terengganu,SE-11,P.036,N.13
Terengganu,SE-11,P.036,N.14
Terengganu,SE-11,P.036,N.15
Terengganu,SE-11,P.036,N.16
Terengganu,SE-11,P.037,N.17
Terengganu,SE-11,P.037,N.18
Terengganu,SE-11,P.037,N.19
Terengganu,SE-11,P.037,N.20
Terengganu,SE-11,P.038,N.21
Terengganu,SE-11,P.038,N.22
Terengganu,SE-11,P.038,N.23
Terengganu,SE-11,P.038,N.24
Terengganu,SE-11,P.039,N.25
Terengganu,SE-11,P.039,N.26
Terengganu,SE-11,P.039,N.27
Terengganu,SE-11,P.039,N.28
Terengganu,SE-11,P.040,N.29
Terengganu,SE-11,P.040,N.30
Terengganu,SE-11,P.040,N.31
Terengganu,SE-11,P.040,N.32
Terengganu,SE-12,P.033,N.01
Terengganu,SE-12,P.033,N.02
Terengganu,SE-12,P.033,N.03
Terengganu,SE-12,P.033,N.04
Terengganu,SE-12,P.034,N.05
Terengganu,SE-12,P.034,N.06
Terengganu,SE-12,P.034,N.07
Terengganu,SE-12,P.034,N.08
Terengganu,SE-12,P.035,N.09
Terengganu,SE-12,P.035,N.10
Terengganu,SE-12,P.035,N.11
Terengganu,SE-12,P.035,N.12
Terengganu,SE-12,P.036,N.13
Terengganu,SE-12,P.036,N.14
Terengganu,SE-12,P.036,N.15
Terengganu,SE-12,P.036,N.16
Terengganu,SE-12,P.037,N.17
Terengganu,SE-12,P.037,N.18
Terengganu,SE-12,P.037,N.19
Terengganu,SE-12,P.037,N.20
Terengganu,SE-12,P.038,N.21
Terengganu,SE-12,P.038,N.22
Terengganu,SE-12,P.038,N.23
Terengganu,SE-12,P.038,N.24
Terengganu,SE-12,P.039,N.25
Terengganu,SE-12,P.039,N.26
Terengganu,SE-12,P.039,N.27
Terengganu,SE-12,P.039,N.28
Terengganu,SE-12,P.040,N.29
Terengganu,SE-12,P.040,N.30
Terengganu,SE-12,P.040,N.31
Terengganu,SE-12,P.040,N.32
Terengganu,SE-13,P.033,N.01
Terengganu,SE-13,P.033,N.02
Terengganu,SE-13,P.033,N.03
Terengganu,SE-13,P.033,N.04
Terengganu,SE-13,P.034,N.05
Terengganu,SE-13,P.034,N.06
Terengganu,SE-13,P.034,N.07
Terengganu,SE-13,P.034,N.08
Terengganu,SE-13,P.035,N.09
Terengganu,SE-13,P.035,N.10
Terengganu,SE-13,P.035,N.11
Terengganu,SE-13,P.035,N.12
Terengganu,SE-13,P.036,N.13
Terengganu,SE-13,P.036,N.14
Terengganu,SE-13,P.036,N.15
Terengganu,SE-13,P.036,N.16
Terengganu,SE-13,P.037,N.17
Terengganu,SE-13,P.037,N.18
Terengganu,SE-13,P.037,N.19
Terengganu,SE-13,P.037,N.20
Terengganu,SE-13,P.038,N.21
Terengganu,SE-13,P.038,N.22
Terengganu,SE-13,P.038,N.23
Terengganu,SE-13,P.038,N.24
Terengganu,SE-13,P.039,N.25
Terengganu,SE-13,P.039,N.26
Terengganu,SE-13,P.039,N.27
Terengganu,SE-13,P.039,N.28
Terengganu,SE-13,P.040,N.29
Terengganu,SE-13,P.040,N.30
Terengganu,SE-13,P.040,N.31
Terengganu,SE-13,P.040,N.32
Terengganu,SE-14,P.033,N.01
Terengganu,SE-14,P.033,N.02
Terengganu,SE-14,P.033,N.03
Terengganu,SE-14,P.033,N.04
Terengganu,SE-14,P.034,N.05
Terengganu,SE-14,P.034,N.06
Terengganu,SE-14,P.034,N.07
Terengganu,SE-14,P.034,N.08
Terengganu,SE-14,P.035,N.09
Terengganu,SE-14,P.035,N.10
Terengganu,SE-14,P.035,N.11
Terengganu,SE-14,P.035,N.12
Terengganu,SE-14,P.036,N.13
Terengganu,SE-14,P.036,N.14
Terengganu,SE-14,P.036,N.15
Terengganu,SE-14,P.036,N.16
Terengganu,SE-14,P.037,N.17
Terengganu,SE-14,P.037,N.18
Terengganu,SE-14,P.037,N.19
Terengganu,SE-14,P.037,N.20
Terengganu,SE-14,P.038,N.21
Terengganu,SE-14,P.038,N.22
Terengganu,SE-14,P.038,N.23
Terengganu,SE-14,P.038,N.24
Terengganu,SE-14,P.039,N.25
Terengganu,SE-14,P.039,N.26
Terengganu,SE-14,P.039,N.27
Terengganu,SE-14,P.039,N.28
Terengganu,SE-14,P.040,N.29
Terengganu,SE-14,P.040,N.30
Terengganu,SE-14,P.040,N.31
Terengganu,SE-14,P.040,N.32
Terengganu,SE-15,P.033,N.01
Terengganu,SE-15,P.033,N.02
Terengganu,SE-15,P.033,N.03
Terengganu,SE-15,P.033,N.04
Terengganu,SE-15,P.034,N.05
Terengganu,SE-15,P.034,N.06
Terengganu,SE-15,P.034,N.07
Terengganu,SE-15,P.034,N.08
Terengganu,SE-15,P.035,N.09
Terengganu,SE-15,P.035,N.10
Terengganu,SE-15,P.035,N.11
Terengganu,SE-15,P.035,N.12
Terengganu,SE-15,P.036,N.13
Terengganu,SE-15,P.036,N.14
Terengganu,SE-15,P.036,N.15
Terengganu,SE-15,P.036,N.16
Terengganu,SE-15,P.037,N.17
Terengganu,SE-15,P.037,N.18
Terengganu,SE-15,P.037,N.19
Terengganu,SE-15,P.037,N.20
Terengganu,SE-15,P.038,N.21
Terengganu,SE-15,P.038,N.22
Terengganu,SE-15,P.038,N.23
Terengganu,SE-15,P.038,N.24
Terengganu,SE-15,P.039,N.25
Terengganu,SE-15,P.039,N.26
Terengganu,SE-15,P.039,N.27
Terengganu,SE-15,P.039,N.28
Terengganu,SE-15,P.040,N.29
Terengganu,SE-15,P.040,N.30
Terengganu,SE-15,P.040,N.31
Terengganu,SE-15,P.040,N.32
